BLOCKTIMESTAMP,BLOCKHASH,BLOCKNUMBER,BLOCKBASEFEEPERGAS,BLOCKGASLIMIT,BLOCKGASUSED,BLOCKPARENTHASH,BLOCKRECEIPTHASH,BLOCKRECEIPTSROOT,BLOCKSIZE,BLOCKSTATEROOT,BLOCKTRANSACTIONLEN,BLOCKEXTRADATA,BLOCKEXTDATAGASUSED,BLOCKGASCOST,PARTITION_DATE
1601387290,0x56ce38b18e185b3574b8d6e620029449309707c31663236245d5d53f6b4e8549,26,,97491731,260183,0xe2c209a7c02da2292b90e14cbcc606d2efa6159f70ccd83aea927f7763dacd06,0xcb729f248e282649832f6150e653efaf650ead087210c0ea2d0e005b656b424b,0xefdf059c899f564e2784f1ae18c27922202db2967d4778e1e5a2c02e211bda5f,1080,0xefdf059c899f564e2784f1ae18c27922202db2967d4778e1e5a2c02e211bda5f,1,2IMBCRaEZ2V0aIhnbzEuMTQuNIVsaW51eDpFUL65UIvwrmjHYV82XXi6UVBBbuqtPN8UICgKO2Ow,,,2020-09-29
1601387240,0xe2c209a7c02da2292b90e14cbcc606d2efa6159f70ccd83aea927f7763dacd06,25,,97587029,42777,0x8a8f5da47b0a9dbcd2e17372da22bafe32e0ab96275c42b44f489bdc49322859,0x232a27b5376493a32dde189c65664be2f5e5f5bf5501d97ce45863e0a807670d,0x371dd0bc15be9649bc9622057adbf905986e8bd190fd10e02ba141f978edaca8,747,0x371dd0bc15be9649bc9622057adbf905986e8bd190fd10e02ba141f978edaca8,1,2IMBCRaEZ2V0aIhnbzEuMTQuNIVsaW51eGL9gSyqsbO+rJciZa4CNxbuqX4ickbobt2BOUm6w8N8,,,2020-09-29
1601386148,0x8a8f5da47b0a9dbcd2e17372da22bafe32e0ab96275c42b44f489bdc49322859,24,,97682420,260183,0xd94397bc22a82ab633c47348265363444fc6acdcdbba3a6b8d9d351efcad45f5,0x240c8c766cf92fccabf1d679f48235d8846d54d03b67733fe0b8dfe6b68bf29d,0xa86c30613376703dfdd89d61735fd2fa1f88fab3397d66ae9ca8eee56523b72b,1080,0xa86c30613376703dfdd89d61735fd2fa1f88fab3397d66ae9ca8eee56523b72b,1,2IMBCRaEZ2V0aIhnbzEuMTQuNIVsaW51eEAxzDxNxfYHuRa+rTKOkD93MFLKVYwknJ0Rq3X3cX9e,,,2020-09-29
1601391713,0xcec4ca41250c1732284892b0841fc603fb63da83ca046fb626c6cde6921cf109,30,,97111468,67202,0xf32c9bb95ec2b6eebbe2dea2f07f6a524ab23d2bae2a7c84e42004054dd39da4,0xda470a50137a076bb389e0dbb3336ef49dad09b299200b12457a0c744b6693b7,0x28dacfea76bac16f1d6312dcbf48003e7d1c1634276994551c34cc0f0b8e57d1,781,0x28dacfea76bac16f1d6312dcbf48003e7d1c1634276994551c34cc0f0b8e57d1,1,2IMBCRaEZ2V0aIhnbzEuMTQuNIVsaW51eAG5J+hiDWJ1NlnZ090bU7DORbrQD7aVRW2SBUPm67vw,,,2020-09-29
1601402925,0xfba916028069cd5b590c379c68429f00142a57c172cf0cdf8393caa3f79a6581,34,,96732688,42777,0xb0a2533ce2c91f563e727f0a0259a39e3fc516fae388236ca65701feea114101,0x3a27bc3519bdc2bcb9b93bf584c72d049e2c7c2fb0c71e2660715fcef9b35547,0xbfd231bb08f1c230707e0d15e672ef9fb39fb389c895728a02a5ffaad8c2166b,747,0xbfd231bb08f1c230707e0d15e672ef9fb39fb389c895728a02a5ffaad8c2166b,1,2IMBCRaEZ2V0aIhnbzEuMTQuNIVsaW51eFYPaONkC4OJb98D5s2JnXoyQLvfes1fVXbn3mUHGdm6,,,2020-09-29
1601391693,0xf32c9bb95ec2b6eebbe2dea2f07f6a524ab23d2bae2a7c84e42004054dd39da4,29,,97206395,260171,0xdd62058987bac1eb3538352a3ee88ce3050b33421956e2726c550be148f1c614,0xe073eaa9f29a2393157983df8106c10b7310e5d74ce8eb4c465d9f880cd7653c,0xb3260db14c4131178429f552f1f0586bfa7a5974e47c4dec0f85a9b0436500a6,1080,0xb3260db14c4131178429f552f1f0586bfa7a5974e47c4dec0f85a9b0436500a6,1,2IMBCRaEZ2V0aIhnbzEuMTQuNIVsaW51eEiwmj1Iyut4ynhRuAOIF358I8RoyOgkT1TFvBLLHrO+,,,2020-09-29
1601385658,0x5fa48d3ca29e04e52e4dcad322cf4c886f324ece393bd3345fa34d8954f0249f,21,,97969155,260171,0x4acec68bb81e58851bd668e128624c05f3f242037f8f4ccae7eaacdead70cb62,0xea67cfa88bff6b9903741d96dc9ae770690bf92441d4d689f2d17ed25a13312b,0x223fabac6b54848bab9318107fb971b1434304c270a0b25dc0e3b2f738cf26d1,1080,0x223fabac6b54848bab9318107fb971b1434304c270a0b25dc0e3b2f738cf26d1,1,2IMBCRaEZ2V0aIhnbzEuMTQuNIVsaW51eG9S8SKbNALEZvgS8lbfqdtxvUa44OPX4SXNcdQ/+EkJ,,,2020-09-29
1601385852,0xcd7957f76b6632aab8f43e82b51a00b743effb4cd945a174eb6ae5933e807cf3,22,,97873483,21000,0x5fa48d3ca29e04e52e4dcad322cf4c886f324ece393bd3345fa34d8954f0249f,0x056b23fbba480696b65fe5a59b8f2148a1299103c4f57df839233af2cf4ca2d2,0xfbfedd4a68c1594f44ad6642c9eeb65d5084bdacf02aa9fa3c3edbe8ea663025,715,0xfbfedd4a68c1594f44ad6642c9eeb65d5084bdacf02aa9fa3c3edbe8ea663025,1,1oMBCRaEZ2V0aIZnbzEuMTOFbGludXhCr86k+TqqWBdNfy9OGh0n0CrXwqbZwWcDEXd1qPioYg==,,,2020-09-29
1601403029,0x567d15e34140192899460ae34eb133d812098965131a3b1527cdf9201f9ef9ce,35,,96638224,0,0xfba916028069cd5b590c379c68429f00142a57c172cf0cdf8393caa3f79a6581,0x56e81f171bcc55a6ff8345e692c0f86e5b48e01b996cadc001622fb5e363b421,0x92a3d1b8e92b8d4d993f0c59f30749bcbcde9ba0415074e69cf2520ce474605e,911,0x92a3d1b8e92b8d4d993f0c59f30749bcbcde9ba0415074e69cf2520ce474605e,0,2IMBCRaEZ2V0aIhnbzEuMTQuMoVsaW51eGLq/kAh81A6FQs9PlP3QxeVYYKGwodYd0KilnB0p4y3,,,2020-09-29
1601391283,0xdd62058987bac1eb3538352a3ee88ce3050b33421956e2726c550be148f1c614,28,,97301414,21000,0x850bd9914ea6512767e473ecca03229a94608b67c5306892c5260113d3b4f76c,0x056b23fbba480696b65fe5a59b8f2148a1299103c4f57df839233af2cf4ca2d2,0xdc084574bc3fcc7173fd784a96ba029818f077fe2c0c180b3507fee8dd7ddc4b,718,0xdc084574bc3fcc7173fd784a96ba029818f077fe2c0c180b3507fee8dd7ddc4b,1,2IMBCRaEZ2V0aIhnbzEuMTQuNIVsaW51eCweMm23TZuYIDk1u7THtWvZPUICyaSyLvXZ0Go1m/Gd,,,2020-09-29
1601395223,0xb0a2533ce2c91f563e727f0a0259a39e3fc516fae388236ca65701feea114101,33,,96827244,260183,0x549d970f0f0ef28718819af7dacb83d8788bc2e8adaa764f71f141c7a4ba1a20,0x0728ce0e9f4842727c8d87c66ad2a8414b8043becd9b03aacc658b62ac5fd352,0x5587a58dd8275b86e4ab61183ee5ad366cd94e79dc8fbf61614b98477dd8b9f7,1080,0x5587a58dd8275b86e4ab61183ee5ad366cd94e79dc8fbf61614b98477dd8b9f7,1,2IMBCRaEZ2V0aIhnbzEuMTQuNIVsaW51eF/9dnnFFy/J7bysBoJouBbLuO9d+O822NwmWzBQB7N0,,,2020-09-29
1601404700,0xc891c2148ded464b0698138ef60342e6df311c6bc1b6fb54b09583c27d1ce3dc,36,,96543852,0,0x567d15e34140192899460ae34eb133d812098965131a3b1527cdf9201f9ef9ce,0x56e81f171bcc55a6ff8345e692c0f86e5b48e01b996cadc001622fb5e363b421,0x9ee4880ba8ec63a0433471ad694a9ff7bca52a03dddef606372888ab26f11d5c,911,0x9ee4880ba8ec63a0433471ad694a9ff7bca52a03dddef606372888ab26f11d5c,0,2IMBCRaEZ2V0aIhnbzEuMTQuMoVsaW51eFsvmTWCXNQTy6q0dGJcDtBZRECYg/el1kCZZjAcZ5Ir,,,2020-09-29
1601392011,0x549d970f0f0ef28718819af7dacb83d8788bc2e8adaa764f71f141c7a4ba1a20,32,,96921893,21000,0x3c7402d8c7340d6b74dfda3c46a70347219afa6df979a3ee7cda4a14c44d28b8,0x056b23fbba480696b65fe5a59b8f2148a1299103c4f57df839233af2cf4ca2d2,0xa6ca7826a3c737ac0bc32d97b118cdd1c65a0252c41e5bf8eec4edd644c57e40,715,0xa6ca7826a3c737ac0bc32d97b118cdd1c65a0252c41e5bf8eec4edd644c57e40,1,1oMBCRaEZ2V0aIZnbzEuMTOFbGludXgEb2n8EG8/Ai1v+6ZOhx2qrPJVEE4GSepFUUqK5HuZBA==,,,2020-09-29
1601411122,0x267ee7fb64ddfee6a178bc3551b3a511ebec887db2d8aed56cd8e024d47939c7,37,,96449572,0,0xc891c2148ded464b0698138ef60342e6df311c6bc1b6fb54b09583c27d1ce3dc,0x56e81f171bcc55a6ff8345e692c0f86e5b48e01b996cadc001622fb5e363b421,0xd8a0fcfd1002ea5ddb0955ad28e31685aaf15e8e554f0fe3d1a7eabe40bde1cb,1555,0xd8a0fcfd1002ea5ddb0955ad28e31685aaf15e8e554f0fe3d1a7eabe40bde1cb,0,2IMBCRaEZ2V0aIhnbzEuMTQuMoVsaW51eFxjoPj7YMgcpVZST96WB+2JfAjIR8E5tClxgwATUjar,,,2020-09-29
1601391888,0x3c7402d8c7340d6b74dfda3c46a70347219afa6df979a3ee7cda4a14c44d28b8,31,,97016634,21000,0xcec4ca41250c1732284892b0841fc603fb63da83ca046fb626c6cde6921cf109,0x056b23fbba480696b65fe5a59b8f2148a1299103c4f57df839233af2cf4ca2d2,0xc8c35686eec6ab87d6caf6119a28a87559f7033b461b97e805750e8bed40a941,717,0xc8c35686eec6ab87d6caf6119a28a87559f7033b461b97e805750e8bed40a941,1,2IMBCRaEZ2V0aIhnbzEuMTQuNIVsaW51eIfGaSj9KwpAWKkyclVIBTotIWRlvFVNUVFtXYLL/4t5,,,2020-09-29
1601385916,0xd94397bc22a82ab633c47348265363444fc6acdcdbba3a6b8d9d351efcad45f5,23,,97777905,42190,0xcd7957f76b6632aab8f43e82b51a00b743effb4cd945a174eb6ae5933e807cf3,0xa8edacc67f3380d624ea6885c73932b53ed15be0dfd304656b2028d84625b649,0x1ee0ef82d759dc88cb816db4d3d0c74f6132301668e66b9dc3f23ad7365d5f1b,780,0x1ee0ef82d759dc88cb816db4d3d0c74f6132301668e66b9dc3f23ad7365d5f1b,1,2IMBCRaEZ2V0aIhnbzEuMTQuNIVsaW51eOB0dHI6X4FrK7vB1uH99zwAN9ZKTG4FxCsEKfFKz0YR,,,2020-09-29
1601388003,0x850bd9914ea6512767e473ecca03229a94608b67c5306892c5260113d3b4f76c,27,,97396526,46390,0x56ce38b18e185b3574b8d6e620029449309707c31663236245d5d53f6b4e8549,0xd55e36e8c6e56b61228c40542f649c762171ddb10c316836e9975924928a45bf,0x29139643147495e07034aa65634747b24d0ed5781f5efb8a1fa6c9fed99489fe,780,0x29139643147495e07034aa65634747b24d0ed5781f5efb8a1fa6c9fed99489fe,1,2IMBCRaEZ2V0aIhnbzEuMTQuNIVsaW51eBDbe4dQbSVTn3jlUhCZy3tnRZ5p8kMjrbW5vxIntm+h,,,2020-09-29
1601552828,0x4d2c4bc0b1c53a060fd8b2bb9de5bd280f641c1e75cb0fb1f87be86b8aaeb37e,95,,91135999,71390,0xa9372fe63e59cb2836c9e00774731e0b892e6eba470e813b5a4a8e9a4b348d20,0xedc9198fb1383339dc35a5898971af173f8feed9374cc186755c8de590229517,0xd3cc8f6df73d826b96197cf2df7afd9262ed87d6f0a9ba3fb2a242035bdca1ee,781,0xd3cc8f6df73d826b96197cf2df7afd9262ed87d6f0a9ba3fb2a242035bdca1ee,1,2IMBCRaEZ2V0aIhnbzEuMTQuNIVsaW51eAkhwymoqE6BzWfb2lMkvMXgwVqhgI6K6uyHsQa4PrQe,,,2020-10-01
1601514727,0x4ee6cd3579896f22d7ff984a1128a64a2c8eed023d74864cf20df81c073abbf4,88,,91761429,2454168,0xdfcf5a3c51da6213aea75e468bc87304ce8d39fc5a7d462dfb63c066d7105de4,0x57da532a9aa0d8068f302d671345425985688ea08cf08dfac6748fb97a806527,0x633d5aa7ff49d3e8ba5a112140a0dd489a513ae37b122f160e569951b62e694d,12208,0x633d5aa7ff49d3e8ba5a112140a0dd489a513ae37b122f160e569951b62e694d,1,1oMBCRaEZ2V0aIZnbzEuMTOFbGludXinP1jlyXSRuvX/wvEDIOK6e1xFa+Q+AOLiR4gG37yXvA==,,,2020-10-01
1601548664,0x549a979fb5dcce7371cc718c449af570384a8f23f0c86bb678b161bcf18d52bb,90,,91582298,0,0x84d6e36336783e2f73881c7d1e4c7ea45fe4335b0130a64e9e3701b9f71f9d24,0x56e81f171bcc55a6ff8345e692c0f86e5b48e01b996cadc001622fb5e363b421,0xea356b665b895c9ee1537daeccda3c8beb979d1517566e3507523ee671deb38c,1074,0xea356b665b895c9ee1537daeccda3c8beb979d1517566e3507523ee671deb38c,0,2oMBCRaEZ2V0aIhnbzEuMTQuMod3aW5kb3dzIrez3YUKQ2781uLidVnwMzIBVU71NUOJQopomU2D+ko=,,,2020-10-01
1601512633,0xf8158234ffd857c00d80b9906e57626beb3b3fd8b98411e1eb7ea7172a407d11,76,,92843597,24932,0xc2bb5e2aa1993897c16b5d54c227dc055f4a47ec88109f2201588a28555fcfeb,0x73ede60d4545cc6676c3fbd515edc675cb6ec4959b632721bf148ec41ce1ee03,0x681c1bfa4d934e95d078d578def35de4ddd3824e6221c602cbe6f310799b8df0,838,0x681c1bfa4d934e95d078d578def35de4ddd3824e6221c602cbe6f310799b8df0,1,1oMBCRaEZ2V0aIZnbzEuMTOFbGludXhhyrtsNz8c9WN/v47Y5MZ40FYHIezXz5g6K3T5btYhCQ==,,,2020-10-01
1601552803,0xa9372fe63e59cb2836c9e00774731e0b892e6eba470e813b5a4a8e9a4b348d20,94,,91225084,260183,0x46802dbdb1cc4af8b0cbe712b266f74a4e01011813c72fa92be3638cf340402a,0x7bc4fcd847fa523525779da0f806b8ac7f3b965e51c1229468dc684b2d3584d0,0xded7cf53e79c121c9f382694e51f33941257d7ed8996ff08d9c7e93cb894eac1,1081,0xded7cf53e79c121c9f382694e51f33941257d7ed8996ff08d9c7e93cb894eac1,1,2IMBCRaEZ2V0aIhnbzEuMTQuNIVsaW51eKcDEBVgfBRO5c90NnRWrPxhRzH2f6BQ68s0b2iwI4WG,,,2020-10-01
1601512295,0xc2bb5e2aa1993897c16b5d54c227dc055f4a47ec88109f2201588a28555fcfeb,75,,92934352,33981,0x6bbd5babde0fb46597ced7ab9ce9dd57c59283ce6b35db6a91a40a22243aed0a,0xf0218a2d9fe9ba40b2a211269042bceeb1acfd97593f67431d2281c84adc3045,0x0ed71549cde70a6b629221ca91e804c6b8f50eae86bce3559d7ba57b3b2440c5,809,0x0ed71549cde70a6b629221ca91e804c6b8f50eae86bce3559d7ba57b3b2440c5,1,1oMBCRaEZ2V0aIZnbzEuMTOFbGludXiS87GSY3BGzU7OdnCOFk002Kg5w7kCRlUXd5mBavwGzw==,,,2020-10-01
1601549423,0xb6e017b08a7ac89174d54cd608ee897678bf6f97fe652dd6f4bfeb1316b9e759,91,,91492864,0,0x549a979fb5dcce7371cc718c449af570384a8f23f0c86bb678b161bcf18d52bb,0x56e81f171bcc55a6ff8345e692c0f86e5b48e01b996cadc001622fb5e363b421,0xdf79fcc271a8655bb0826159a5df4342b9e679f3096ac8c5f27a246f05b80ad3,913,0xdf79fcc271a8655bb0826159a5df4342b9e679f3096ac8c5f27a246f05b80ad3,0,2oMBCRaEZ2V0aIhnbzEuMTQuMod3aW5kb3dzB4XGTlr8MxNH/3X1ILtmph+CsQslcKjxo7VA+LWwqFY=,,,2020-10-01
1601560718,0xeff9955ed98315e8cfee46fdaebfa34384e9893d3727cda56559346af5ee920b,99,,90780526,21000,0x68fad2800de3a6c82fb55b09eae3e1cb0db95ff3479df0a70f7b3bf35215d070,0x056b23fbba480696b65fe5a59b8f2148a1299103c4f57df839233af2cf4ca2d2,0x633b43d9c3a1425f2d5f3f5822911796fbd45915e0d1bdd19922d6fbafc85393,715,0x633b43d9c3a1425f2d5f3f5822911796fbd45915e0d1bdd19922d6fbafc85393,1,1oMBCRaEZ2V0aIZnbzEuMTOFbGludXi81okCTIf5xsQeQDZ9lyhvm7VAjEEnhU35loFD35ijxA==,,,2020-10-01
1601512927,0x6aa15455c56391c23b997729e4c2ce44bab6a165ebb4661377f8061e0d995ad6,80,,92481463,24932,0xe1c60173b897da676551445cac2ba6f264eeed4c5888ff11df2569d23270fdbf,0x73ede60d4545cc6676c3fbd515edc675cb6ec4959b632721bf148ec41ce1ee03,0x59578d01dd1b59be5569991000005b710f70056e47337c102b82eeef8b71f70f,838,0x59578d01dd1b59be5569991000005b710f70056e47337c102b82eeef8b71f70f,1,1oMBCRaEZ2V0aIZnbzEuMTOFbGludXg9DAZEroYwIzUDzeO6Qluo048Q/v2SR47vBMTBKU8jwA==,,,2020-10-01
1601559860,0xecaf25efb49da03ed391de7f031446456e8a709ba7e365d36365c82997565388,97,,90958089,21000,0xbfeadf6cc5b52425d10497224a41c2049f80ef9bbdc73d41846eeef9fc01444e,0x056b23fbba480696b65fe5a59b8f2148a1299103c4f57df839233af2cf4ca2d2,0x7f31c876f9ef42bc4149795a57d1068675344a8db2109de56b19708169192bc7,714,0x7f31c876f9ef42bc4149795a57d1068675344a8db2109de56b19708169192bc7,1,1oMBCRaEZ2V0aIZnbzEuMTOFbGludXgnTQuvbiPwsDAWx9jZqBFeppPQCTST8dKKO8LsHpUNaw==,,,2020-10-01
1601514708,0xec3935aff50b08503e9ef590280e5451b5b1581804f72ad76393cfdd237bdd40,84,,92120743,4269020,0xb1af03b29c9ae3e8635f622373af3b0fde5023102a7416c2ae376b1e5cb0e950,0x58961614f2dc2beabf5c4891a92c29159b4785fe963c270f93057e792df82e16,0xc6eebc4097ea54772e4c318719b82f96fbe36ba1cd3c27b4734450bf56623690,20830,0xc6eebc4097ea54772e4c318719b82f96fbe36ba1cd3c27b4734450bf56623690,1,1oMBCRaEZ2V0aIZnbzEuMTOFbGludXgwfqE+WUilVDT/Ixr6eNiBy1zgLTLA+5qWwdzVi5U+1A==,,,2020-10-01
1601514713,0x8e561bdfd4d71134ae00d689be082e38fe93a8a8278fe4ee0414d4161aace748,85,,92030783,1680230,0xec3935aff50b08503e9ef590280e5451b5b1581804f72ad76393cfdd237bdd40,0x3f5812ce48652a80a34632c0c42edd1add1161fc2b6755d7c6620ffb781704a9,0x7fd1ff44fc3139106d134b41bde4295c822ac6e28907d7e620917755ed61532a,10129,0x7fd1ff44fc3139106d134b41bde4295c822ac6e28907d7e620917755ed61532a,1,1oMBCRaEZ2V0aIZnbzEuMTOFbGludXhc55s33Ckt8gN+j/uc7yQ4xtrqNbDvLAL8hGRQntxIhw==,,,2020-10-01
1601514287,0xc9d3b6a0e3bae3c9964775550010ad294c012bc15e379415cf09df940f86c388,81,,92391151,4269020,0x6aa15455c56391c23b997729e4c2ce44bab6a165ebb4661377f8061e0d995ad6,0x3079b95977b360ed997aa4eb78fd535b5951cdf60a1a76f7940803f583bd9f64,0x28e19206638ba18a47502a8ede29ac23945c72605895ba4d530bfbdffd10c411,20830,0x28e19206638ba18a47502a8ede29ac23945c72605895ba4d530bfbdffd10c411,1,1oMBCRaEZ2V0aIZnbzEuMTOFbGludXhLYbKbkClJzP2/FMj80e2GMZS9BzwV3ODINQYe1QaJag==,,,2020-10-01
1601512863,0xfab07426793065316490e4de623b169165efe3a619b1455047d13f9dca334e37,78,,92662353,24932,0x424e05c25f4c4b6a6fab2898d605f397165062f5405992d22a09d0e44b962ba5,0x73ede60d4545cc6676c3fbd515edc675cb6ec4959b632721bf148ec41ce1ee03,0xd36540628056edbb197e351b8a8270e39aaf44e068da00ce04e9a1a5c923892a,838,0xd36540628056edbb197e351b8a8270e39aaf44e068da00ce04e9a1a5c923892a,1,1oMBCRaEZ2V0aIZnbzEuMTOFbGludXhNkTHwxEfRDFXK1OaaX4Kmr6uPsitIyXsDZY7gQl+g+w==,,,2020-10-01
1601560765,0x87472554a18c916c7e00eda17ee1d4bb40e76062ff63f1c7fd1942594a9c6c24,100,,90691875,21000,0xeff9955ed98315e8cfee46fdaebfa34384e9893d3727cda56559346af5ee920b,0x056b23fbba480696b65fe5a59b8f2148a1299103c4f57df839233af2cf4ca2d2,0xff5a7cff97d0f0bb6f088b924628ee368419f4a623b843d29b1e9cdd8f32422d,715,0xff5a7cff97d0f0bb6f088b924628ee368419f4a623b843d29b1e9cdd8f32422d,1,1oMBCRaEZ2V0aIZnbzEuMTOFbGludXh4mniM+9kgsDn1Ae74PpPdqEccLTE/0gH2xPQFMjejEA==,,,2020-10-01
1601512635,0x424e05c25f4c4b6a6fab2898d605f397165062f5405992d22a09d0e44b962ba5,77,,92752931,24932,0xf8158234ffd857c00d80b9906e57626beb3b3fd8b98411e1eb7ea7172a407d11,0x73ede60d4545cc6676c3fbd515edc675cb6ec4959b632721bf148ec41ce1ee03,0x2262186c8b533d2b423a995f00423510cddcb1ef398b503a331215758cd24590,838,0x2262186c8b533d2b423a995f00423510cddcb1ef398b503a331215758cd24590,1,1oMBCRaEZ2V0aIZnbzEuMTOFbGludXi/6y0NxucvdtqK39+r2a3DmRDMrSxqZY52TC/wjifWhw==,,,2020-10-01
1601549794,0x46802dbdb1cc4af8b0cbe712b266f74a4e01011813c72fa92be3638cf340402a,93,,91314257,21000,0xe225f00bec46ddbc6cd966e3c41592f894302aa349fa5507c98748fa96142ffc,0x056b23fbba480696b65fe5a59b8f2148a1299103c4f57df839233af2cf4ca2d2,0x2434eb5c3411c2ebcd36d3e628e430fe9c2423f4aa122309778c95d1fbd0da8c,716,0x2434eb5c3411c2ebcd36d3e628e430fe9c2423f4aa122309778c95d1fbd0da8c,1,1oMBCRaEZ2V0aIZnbzEuMTOFbGludXgWttFzS81eLMtqcfqo2tcf0FGm6LadmUSgfAQyDKhmAQ==,,,2020-10-01
1601514292,0x7d24e1bcc9977b6665c233eef7e10a430ee6135a5443b280fc79b13ed29593a9,82,,92300927,1680230,0xc9d3b6a0e3bae3c9964775550010ad294c012bc15e379415cf09df940f86c388,0x3f5812ce48652a80a34632c0c42edd1add1161fc2b6755d7c6620ffb781704a9,0xcf967a1ba71694f8b0b5fdd45ea2b3a11e7bb06558ba2fd63949ca3204937a78,10129,0xcf967a1ba71694f8b0b5fdd45ea2b3a11e7bb06558ba2fd63949ca3204937a78,1,1oMBCRaEZ2V0aIZnbzEuMTOFbGludXjWW7+9S1pL/PIDGBEJpWoSc37Dz91k56yxPHYU1nH9tQ==,,,2020-10-01
1601511259,0x6bbd5babde0fb46597ced7ab9ce9dd57c59283ce6b35db6a91a40a22243aed0a,74,,93025195,24932,0x10c9ff6b983e9a423fcce50407fb6676dcd7b26002bb06e031a054da1986f1f1,0x73ede60d4545cc6676c3fbd515edc675cb6ec4959b632721bf148ec41ce1ee03,0xa91f88b9781295455322115cc884217c8e8b90d596002fd0a22c522589aa6b6e,838,0xa91f88b9781295455322115cc884217c8e8b90d596002fd0a22c522589aa6b6e,1,1oMBCRaEZ2V0aIZnbzEuMTOFbGludXhH5BPYDIMIzvF8TB3tMrFLVKvKS7+bKOwVkFi+A7zXLA==,,,2020-10-01
1601514718,0x1427793c877904d4a5e19cefa16eef431d6ad94fb5d027c5916213f1a843ae97,86,,91940911,1915811,0x8e561bdfd4d71134ae00d689be082e38fe93a8a8278fe4ee0414d4161aace748,0xc17e5a8b2e174bebac555f101f67a4ba9273f09c6888b6cd550aa0f903dd4189,0x3f57366dbcdd0d81d83d731ee8406ed3ff64387ae91e2cf196471886d7536e60,11219,0x3f57366dbcdd0d81d83d731ee8406ed3ff64387ae91e2cf196471886d7536e60,1,1oMBCRaEZ2V0aIZnbzEuMTOFbGludXgDrBxLf/8tRLfZknFN/irxicraV4pk8Cxi47j2FtpXpg==,,,2020-10-01
1601549737,0xe225f00bec46ddbc6cd966e3c41592f894302aa349fa5507c98748fa96142ffc,92,,91403517,0,0xb6e017b08a7ac89174d54cd608ee897678bf6f97fe652dd6f4bfeb1316b9e759,0x56e81f171bcc55a6ff8345e692c0f86e5b48e01b996cadc001622fb5e363b421,0x34a9e730812d554d33605c00696f19be7e78e74f5ef284648a6532be79be9731,913,0x34a9e730812d554d33605c00696f19be7e78e74f5ef284648a6532be79be9731,0,2oMBCRaEZ2V0aIhnbzEuMTQuMod3aW5kb3dz4SIZHUMjpAb4i+pMgvwmCIOpB1636f/sz8F4/XXQ+fs=,,,2020-10-01
1601522113,0x84d6e36336783e2f73881c7d1e4c7ea45fe4335b0130a64e9e3701b9f71f9d24,89,,91671820,4269020,0x4ee6cd3579896f22d7ff984a1128a64a2c8eed023d74864cf20df81c073abbf4,0x3badec4be8d6bf0ca82f740e6841614afd2d46c54aec309669a5b4eef40a7bea,0x1c5dc5b3191fb507ef9bcb0eef5b460cb9822eb34c5c6386725d2b5deec7f0b5,20830,0x1c5dc5b3191fb507ef9bcb0eef5b460cb9822eb34c5c6386725d2b5deec7f0b5,1,1oMBCRaEZ2V0aIZnbzEuMTOFbGludXgtqHFyzi+NrAXV81tphkY9yLZNY/2K56e/aThPE1Leog==,,,2020-10-01
1601514504,0xb1af03b29c9ae3e8635f622373af3b0fde5023102a7416c2ae376b1e5cb0e950,83,,92210791,4269020,0x7d24e1bcc9977b6665c233eef7e10a430ee6135a5443b280fc79b13ed29593a9,0xe2177b07cfe9b836a7a8d080313a4cd70bdab89696cc9ca8de1e773e7cacd473,0xf712d58657e1ccbddc34b226045c87fa41aa4902ca949fa7208d97b8dfaf20a7,20830,0xf712d58657e1ccbddc34b226045c87fa41aa4902ca949fa7208d97b8dfaf20a7,1,1oMBCRaEZ2V0aIZnbzEuMTOFbGludXiJNTh7UZ51lWSR8SRhFiumOHI2mhBxknwEHOWvEKjTdQ==,,,2020-10-01
1601559805,0xbfeadf6cc5b52425d10497224a41c2049f80ef9bbdc73d41846eeef9fc01444e,96,,91047001,21000,0x4d2c4bc0b1c53a060fd8b2bb9de5bd280f641c1e75cb0fb1f87be86b8aaeb37e,0x056b23fbba480696b65fe5a59b8f2148a1299103c4f57df839233af2cf4ca2d2,0x08e769bbeb17d0d5b2058852b9e9f665b07a98c66a615a57f1cfc432fca55da9,715,0x08e769bbeb17d0d5b2058852b9e9f665b07a98c66a615a57f1cfc432fca55da9,1,1oMBCRaEZ2V0aIZnbzEuMTOFbGludXjF+KQ/B3pJXXHvAdgdHrYaOlTiawgyFU4NGBdMgcqOtQ==,,,2020-10-01
1601514722,0xdfcf5a3c51da6213aea75e468bc87304ce8d39fc5a7d462dfb63c066d7105de4,87,,91851126,1411471,0x1427793c877904d4a5e19cefa16eef431d6ad94fb5d027c5916213f1a843ae97,0x9e1cdc907f0d548f0fdd1eb8239725fc7f7b37ed3fdae41a41733eb7d3d60a66,0x2c0d7345bc76fb22ed1c76d09c3b9210f07175cec0a54d1e34bded6fe8ddad9d,9435,0x2c0d7345bc76fb22ed1c76d09c3b9210f07175cec0a54d1e34bded6fe8ddad9d,1,1oMBCRaEZ2V0aIZnbzEuMTOFbGludXieA7QU7gK8PRHh0vG8tBuOBs5VRY292EC2GY/EyJOxhw==,,,2020-10-01
1601512865,0xe1c60173b897da676551445cac2ba6f264eeed4c5888ff11df2569d23270fdbf,79,,92571864,24932,0xfab07426793065316490e4de623b169165efe3a619b1455047d13f9dca334e37,0x73ede60d4545cc6676c3fbd515edc675cb6ec4959b632721bf148ec41ce1ee03,0xd5f74ba34f8878103858ffad146d246978531201de5c0f4b8a1913a2a2bce42f,838,0xd5f74ba34f8878103858ffad146d246978531201de5c0f4b8a1913a2a2bce42f,1,1oMBCRaEZ2V0aIZnbzEuMTOFbGludXg9ZjrFMCQ3Kko0ZECWn1iS6cbhPcbVeWHubv04tvqtEA==,,,2020-10-01
1601560384,0x68fad2800de3a6c82fb55b09eae3e1cb0db95ff3479df0a70f7b3bf35215d070,98,,90869264,21000,0xecaf25efb49da03ed391de7f031446456e8a709ba7e365d36365c82997565388,0x056b23fbba480696b65fe5a59b8f2148a1299103c4f57df839233af2cf4ca2d2,0x8dfc986245a2b3769b4b28576168ea42d32579e7c2f581d05c7fe1f048fe9991,715,0x8dfc986245a2b3769b4b28576168ea42d32579e7c2f581d05c7fe1f048fe9991,1,1oMBCRaEZ2V0aIZnbzEuMTOFbGludXis9j1fg+g/JsOtP1UTQSSsSfLpMPGkHe5XyqcCIPHnSg==,,,2020-10-01
1601252703,0x4acec68bb81e58851bd668e128624c05f3f242037f8f4ccae7eaacdead70cb62,20,,98064920,276676,0xd0e195201eef16e603b2c7cf74b0404b738bdb2abf84b9e8400f45b8cb43964e,0x9634beb9d9cd6eb466d0d24362282655083e23474f46122c74e5f9317bab0bf5,0x9f5093c0e9ce0e3c3e8c72170a240bcf49ffda4f86f2e1cd2213849598d31a08,911,0x9f5093c0e9ce0e3c3e8c72170a240bcf49ffda4f86f2e1cd2213849598d31a08,1,2IMBCRaEZ2V0aIhnbzEuMTMuOIVsaW51eJ4KjjAsWhXLUpxh0dI15l0bYf44kACNLKj5rAvYDia9,,,2020-09-28
1600858926,0xdcfce25a3318f7e6ac4d5ae7f9f3644e39b2ad411ef218d04ca65fec4a1bf737,1,,99902345,0,0x31ced5b9beb7f8782b014660da0cb18cc409f121f408186886e1ca3e8eeca96b,0x56e81f171bcc55a6ff8345e692c0f86e5b48e01b996cadc001622fb5e363b421,0x2a545a17d06ece9d68bbc3eed9c5386765e01bb569580993fd78b9c947b26d99,1059,0x2a545a17d06ece9d68bbc3eed9c5386765e01bb569580993fd78b9c947b26d99,0,ZGFvLWhhcmQtZm9ya0bm64ORsXeEShhs48kJWA5PGiy0PsArgQ0hQqtKgNgw,,,2020-09-23
1600863283,0x832d637c4f0df5189e51e160dc20857e11b40375dd9981e31335d8e00beed9e1,2,,99804786,21000,0xdcfce25a3318f7e6ac4d5ae7f9f3644e39b2ad411ef218d04ca65fec4a1bf737,0x056b23fbba480696b65fe5a59b8f2148a1299103c4f57df839233af2cf4ca2d2,0xb9d4554f1a7597a168212279c187d817b1b14d40e44dc5cbe17f53db08ba2046,704,0xb9d4554f1a7597a168212279c187d817b1b14d40e44dc5cbe17f53db08ba2046,1,ZGFvLWhhcmQtZm9yazsFnGWW43GFK+CCLi8auvuLQQUfSHR2fgt34G1f/O6+,,,2020-09-23
1600864050,0x8ed9db83d1b77047a7b521bfa9fd55010b998aa2bc46f0988ef3cf7ff70a6145,3,,99707322,21000,0x832d637c4f0df5189e51e160dc20857e11b40375dd9981e31335d8e00beed9e1,0x056b23fbba480696b65fe5a59b8f2148a1299103c4f57df839233af2cf4ca2d2,0xf259b65e25c014cbbce96fe50843b1b6cb9bf4e8d317e7f0c97e03f070f4da14,705,0xf259b65e25c014cbbce96fe50843b1b6cb9bf4e8d317e7f0c97e03f070f4da14,1,ZGFvLWhhcmQtZm9ya11weVGmzDEMK5alD7+JoaC/VMXR+PxdhT7y2fmk9ot7,,,2020-09-23
1600866702,0x10e75a497e4e0bfece689dd6592b25ec1ffc246af07be8b806155dfc8076173a,4,,99609953,0,0x8ed9db83d1b77047a7b521bfa9fd55010b998aa2bc46f0988ef3cf7ff70a6145,0x56e81f171bcc55a6ff8345e692c0f86e5b48e01b996cadc001622fb5e363b421,0x0e766d8c90658819f4270eeaf9ea6e2039740e56ce33a09f05108faa7288d6e2,898,0x0e766d8c90658819f4270eeaf9ea6e2039740e56ce33a09f05108faa7288d6e2,0,ZGFvLWhhcmQtZm9ya/OeS8qNh5VrjbEwuz98Fv0S2gu0RTvwPS9PoUqSbnb0,,,2020-09-23
1600866891,0x361e6fab16f7df1d7de746635d9982627bb19dbbbf782723e9524578da97cbdd,5,,99512679,21000,0x10e75a497e4e0bfece689dd6592b25ec1ffc246af07be8b806155dfc8076173a,0x056b23fbba480696b65fe5a59b8f2148a1299103c4f57df839233af2cf4ca2d2,0x3b55c5c3c84ce7b7259ae3dc1a0a5e0ea2efef28d6c67690724714a5634aa828,705,0x3b55c5c3c84ce7b7259ae3dc1a0a5e0ea2efef28d6c67690724714a5634aa828,1,ZGFvLWhhcmQtZm9ya5cpAPYCJ5b0vxN7z2q4QEADbhEBhAWud36+sBNGBsNp,,,2020-09-23
1600923156,0xf9b22bf9680921d90c27b1826617f8856db18cbcb07b302e899358775731b3fd,6,,99415500,21000,0x361e6fab16f7df1d7de746635d9982627bb19dbbbf782723e9524578da97cbdd,0x056b23fbba480696b65fe5a59b8f2148a1299103c4f57df839233af2cf4ca2d2,0x17d42b0c6b22629390dcbe08f0b088202326029505532af724ec8119042a5809,705,0x17d42b0c6b22629390dcbe08f0b088202326029505532af724ec8119042a5809,1,ZGFvLWhhcmQtZm9ya7pfzO1LalojxVvdfI4wwwxhEehHrU56xBj9uZp/m1X1,,,2020-09-24
1600958656,0xde78a1eb5dd8374c21b1d0a9df32bf1bed29b0fdd0a0c6b2fb3858bdf92873ce,7,,99318416,0,0xf9b22bf9680921d90c27b1826617f8856db18cbcb07b302e899358775731b3fd,0x56e81f171bcc55a6ff8345e692c0f86e5b48e01b996cadc001622fb5e363b421,0x40e2e66619d117917ca32bc4638c9d76141f24a0ebdc54435ddcb4dc7b889833,898,0x40e2e66619d117917ca32bc4638c9d76141f24a0ebdc54435ddcb4dc7b889833,0,ZGFvLWhhcmQtZm9ya4qQ7mOf0pMmiIjR2dZ7deJMN4NfkKySfG+xgvqpJp23,,,2020-09-24
1601498084,0xc6b0a027c2f5a08d0ffedb90b550a686960625d79760735a64e007366d19fb2b,51,,95139281,4269008,0x59bd6ce547a70f099b6ae665b81b89330466e0cf0e7103a6428257febb19af4f,0x057aaf735dc43367bce93223451ef1c894222e730b1533b0039037d34213c2ef,0xe2cd2f6d874af404dd6d66b8e110717b76f23cef0b4d74039d80cb13551f163a,20830,0xe2cd2f6d874af404dd6d66b8e110717b76f23cef0b4d74039d80cb13551f163a,1,1oMBCRaEZ2V0aIZnbzEuMTOFbGludXjXKxNWHwZ2+49q64ZUxgE9zLP8hsaEY7OTdrkNBcft8g==,,,2020-09-30
1601499367,0x6082bc122e571ea41c593759f809ade0fde9f0738dc1524135832fe1df45c6af,60,,94306367,74357,0xc0623c55bbf6d63d79e444bfb93de9e1ae02de5fc60919f716785751c8d91286,0x011ec40329b94344a272dafd37efc007a50c61c224a8c4c24b0693285d0350f3,0x533e7dcb3d0b7b679f37634289906c7c3a77af69807198e2628b26c40fa4436e,778,0x533e7dcb3d0b7b679f37634289906c7c3a77af69807198e2628b26c40fa4436e,1,1oMBCRaEZ2V0aIZnbzEuMTOFbGludXi4N0CRlF/bD1ybzlqLGCKeEPXfKCjrRBbaqVPCoutp9w==,,,2020-09-30
1601477546,0x8cb5c9e02781dd3bdfbf9e1232f8c54a5294c6831b67cb36b4bec30e60c1a02d,47,,95511823,0,0xdeb6345c6fb03ba03600104c03e5a9ce9434d8bcb8fe49eae9d61325b3713386,0x56e81f171bcc55a6ff8345e692c0f86e5b48e01b996cadc001622fb5e363b421,0xadbb4ece0dab4121981a9e582cb29b605ed4c220744b14bf73f27304fa087cbf,1072,0xadbb4ece0dab4121981a9e582cb29b605ed4c220744b14bf73f27304fa087cbf,0,2IMBCRaEZ2V0aIhnbzEuMTQuMoVsaW51eERu3ya8v71bzThrHSY/iU4c534RzyEjLzMpgFP8dlfU,,,2020-09-30
1601498962,0x75b9d7980a1c4a2032fdbe9afa3276fac4d206036a2588866e89c2d498674762,53,,94953556,4269008,0x309c0900794efbd467b096e9e8df60342843dbf1a9f89bfa051d7362037fc533,0xab6438a3c1c80ccc37b982d640ff358f3d16db09c17b32290614a76490efc6b7,0x63a66f924f1aacf5b856dd4a38f51821ea9ebfcd400da228fdfb85462c814e74,20830,0x63a66f924f1aacf5b856dd4a38f51821ea9ebfcd400da228fdfb85462c814e74,1,1oMBCRaEZ2V0aIZnbzEuMTOFbGludXigqz/LW0C8bdJgg4eA5j/2JHZtfblmjdsXZfK0bsj4og==,,,2020-09-30
1601472444,0x04fda813da6a1e515692eaf4c20be203ef7eb6737b097a88a7726a4863ba874a,41,,96073372,4269020,0x4a62ed37da728c63373859a70cd2dfd892b833da22e35980bd2cefe636e723c6,0xef5cb908228dcda46d53b884a63f619bb0715f7b3b4c616627cdff8591a52370,0x99c89a286e7c9ee75b5c26f30c610191302c73f2731e382edd515a0c71cfb8bf,20830,0x99c89a286e7c9ee75b5c26f30c610191302c73f2731e382edd515a0c71cfb8bf,1,1oMBCRaEZ2V0aIZnbzEuMTOFbGludXg79z+PgOB4Q+Q2iLBUP1uYlgJwDGabLaNywuQs0UkFJA==,,,2020-09-30
1601507595,0x10c9ff6b983e9a423fcce50407fb6676dcd7b26002bb06e031a054da1986f1f1,73,,93116127,24932,0xa94b32c88c2ec628be9d06f8a9a287f939bd118b1b4a7fc8b96d8408c035cc8c,0x73ede60d4545cc6676c3fbd515edc675cb6ec4959b632721bf148ec41ce1ee03,0xf8664c892220a8e0f1bd44e90237f1d5d7c189822d8f09b0a2d7abf485953d50,838,0xf8664c892220a8e0f1bd44e90237f1d5d7c189822d8f09b0a2d7abf485953d50,1,1oMBCRaEZ2V0aIZnbzEuMTOFbGludXjI2cN2B0qo1J19aAuWjyMCksNP7Xyhn/xDjw+rguAHPw==,,,2020-09-30
1601507577,0xaeefa2ffd4c98f00294421fe39b9ac1845748a3739b5d12f82ec0e6f2a8a49c7,71,,93298258,24932,0x534d009882b445098f43b9773f8381660d8969315ff8d77bb1ac2613edef70ff,0x73ede60d4545cc6676c3fbd515edc675cb6ec4959b632721bf148ec41ce1ee03,0x3bf9d5c6081f866ac2aee2d4e18a5661ec2cb78c6680752a904f047d45d15910,838,0x3bf9d5c6081f866ac2aee2d4e18a5661ec2cb78c6680752a904f047d45d15910,1,1oMBCRaEZ2V0aIZnbzEuMTOFbGludXh+dKt/dtvUrdZxRvpsv8hZgWWl5rI6zpBKGiQ7Mpqfsg==,,,2020-09-30
1601506878,0x1231db20a8f4a0d857d654a99498471f3405a99d77f82bd69e51a89df84304fc,66,,93755146,21000,0xc7f69ebddb1dceb4baf17e3ac2735d682b0b3125a75dfd70e6cd5cb06c6207cd,0x056b23fbba480696b65fe5a59b8f2148a1299103c4f57df839233af2cf4ca2d2,0xbeb9c7ae6a640963126f6513586dc3927830e3ffd66f08de3ded0e666d986611,716,0xbeb9c7ae6a640963126f6513586dc3927830e3ffd66f08de3ded0e666d986611,1,1oMBCRaEZ2V0aIZnbzEuMTOFbGludXi9Gei+xNI6JJz3ABylztKMoZuESFPWfjhuL3ZeV5XCPQ==,,,2020-09-30
1601472453,0xed1e36a3862ad6fcf27715504da68ce45ce76c141a6807516dbcfb29a2487088,43,,95885823,1915811,0x4dc89e2b6cffc45b3b4679a27bc4f65f42353649a786d182a0e72ef9a6933ef4,0xc17e5a8b2e174bebac555f101f67a4ba9273f09c6888b6cd550aa0f903dd4189,0x3f3b94789d5043539ec3a47b9d5588c8ec78f2deaca1616a40c7e4109704e6cb,11219,0x3f3b94789d5043539ec3a47b9d5588c8ec78f2deaca1616a40c7e4109704e6cb,1,1oMBCRaEZ2V0aIZnbzEuMTOFbGludXjZ9eV/qPxKJYpyvhjUQ71ItfuOBx4Wxb9pEHcaBidccg==,,,2020-09-30
1601478048,0xc40c6c77bc1907de77c900858120c42d59681888e9ed33fa7e43508014ee3a0a,48,,95418551,0,0x8cb5c9e02781dd3bdfbf9e1232f8c54a5294c6831b67cb36b4bec30e60c1a02d,0x56e81f171bcc55a6ff8345e692c0f86e5b48e01b996cadc001622fb5e363b421,0xe2cc7883d0ffdf94fa27a6be1c8b4b23dfd8c464ed903ee56ef9b92ce6ebab64,911,0xe2cc7883d0ffdf94fa27a6be1c8b4b23dfd8c464ed903ee56ef9b92ce6ebab64,0,2IMBCRaEZ2V0aIhnbzEuMTQuMoVsaW51eEOqdqrjtJFYpgLA8VvZ4vow/fLZeV+5ZnLFXZYKbR4w,,,2020-09-30
1601471314,0x6d287d6cc5ac2ce78caee1821a4e524be2dfdc63a3aca54dd8b9f65252d53735,39,,96261288,21000,0x93196c2acfa8850735dfda76ebe8ad0076a3f30b0108748d5449a0fb36a23e3d,0x056b23fbba480696b65fe5a59b8f2148a1299103c4f57df839233af2cf4ca2d2,0x7c59e9e2cc73e13c891020cf4753c288460aa79c298b3b819acb1815d1242f66,707,0x7c59e9e2cc73e13c891020cf4753c288460aa79c298b3b819acb1815d1242f66,1,1oMBCRaEZ2V0aIZnbzEuMTOFbGludXgkhYK9QKHgYSnQBPagYshpTaNga3PLQENfWqKVg2Wy0w==,,,2020-09-30
1601499254,0x3f672d6ada149252443a08fd790acbe9876ce7395ad97375836ae174899c75ad,55,,94768193,25531,0xade60fd06894a174d36cbfb7e951449508dc8736e916f675fd3cad0eefaec9a5,0x3206fbfb7c57a5f06759287fc1e0cafe4ce02a306169744cb6a05ea49b3cce44,0x0e70ff77aabdffa637fb0e2b78cfa5c5b477d3b966a5e36735228a071fa93ea2,776,0x0e70ff77aabdffa637fb0e2b78cfa5c5b477d3b966a5e36735228a071fa93ea2,1,1oMBCRaEZ2V0aIZnbzEuMTOFbGludXggb3rz5qBCe9GHCkYVw5eH1zhSt6Bag97DSgnj2CSLyQ==,,,2020-09-30
1601472449,0x4dc89e2b6cffc45b3b4679a27bc4f65f42353649a786d182a0e72ef9a6933ef4,42,,95979552,1680230,0x04fda813da6a1e515692eaf4c20be203ef7eb6737b097a88a7726a4863ba874a,0x3f5812ce48652a80a34632c0c42edd1add1161fc2b6755d7c6620ffb781704a9,0x552a086c57b04f5242acf361343bed5b2d8b374cd4000f06ced522f592999a77,10129,0x552a086c57b04f5242acf361343bed5b2d8b374cd4000f06ced522f592999a77,1,1oMBCRaEZ2V0aIZnbzEuMTOFbGludXg24CeZ5Fl9mtvZa39AzTyLbqM3qyJ/YZ7005WciwjEBw==,,,2020-09-30
1601478098,0x59bd6ce547a70f099b6ae665b81b89330466e0cf0e7103a6428257febb19af4f,50,,95232280,0,0x510342160d2dfdadda81befa94f3d095f9d999623e20fe1ec2cac31c0c528246,0x56e81f171bcc55a6ff8345e692c0f86e5b48e01b996cadc001622fb5e363b421,0xbb0d3ba4f97bae663b9f4d16de34a9b1584eba548ab5b8b0611d645ba4bf8dc3,911,0xbb0d3ba4f97bae663b9f4d16de34a9b1584eba548ab5b8b0611d645ba4bf8dc3,0,2IMBCRaEZ2V0aIhnbzEuMTQuMoVsaW51eJk2rVIAY9zcBztdyRcAW1UJEszauzlSOTFxifcE3G8+,,,2020-09-30
1601506957,0x6d1b55f11646f98ee27c337f2ca06057908ff4658e5586c769ebc27dcbbb1a47,67,,93663590,24932,0x1231db20a8f4a0d857d654a99498471f3405a99d77f82bd69e51a89df84304fc,0x73ede60d4545cc6676c3fbd515edc675cb6ec4959b632721bf148ec41ce1ee03,0x240190018474b615b972c2442bfa71b6ec380c31ec3abd0edde895be4f145bd8,838,0x240190018474b615b972c2442bfa71b6ec380c31ec3abd0edde895be4f145bd8,1,1oMBCRaEZ2V0aIZnbzEuMTOFbGludXh46QzcQAEc2uA+5yFo70jKfpfP+EsNgx/HEx7xU36Gkw==,,,2020-09-30
1601506844,0xc7f69ebddb1dceb4baf17e3ac2735d682b0b3125a75dfd70e6cd5cb06c6207cd,65,,93846792,21000,0x457313f845a8249d937e2f3dc8f3a38490e601416123c713607558dc514ec904,0x056b23fbba480696b65fe5a59b8f2148a1299103c4f57df839233af2cf4ca2d2,0xe443d354bfe5cbc49df8aceb9dc8369aa59d9d0f769772848e263261cfae5799,716,0xe443d354bfe5cbc49df8aceb9dc8369aa59d9d0f769772848e263261cfae5799,1,1oMBCRaEZ2V0aIZnbzEuMTOFbGludXishgI1Ollf1D74+6UGmRdJ5C9hTgL42afBhosjongPQw==,,,2020-09-30
1601472458,0x86b6b3e33f355c682b64175f2bf95b10ef9a12cebdfe073f6829d98956e604f8,44,,95792186,1411471,0xed1e36a3862ad6fcf27715504da68ce45ce76c141a6807516dbcfb29a2487088,0x9e1cdc907f0d548f0fdd1eb8239725fc7f7b37ed3fdae41a41733eb7d3d60a66,0xd5d3d9ea3aecf3978b884fefc3299c6858c80cedee1729f541ea210af4ec14bf,9435,0xd5d3d9ea3aecf3978b884fefc3299c6858c80cedee1729f541ea210af4ec14bf,1,1oMBCRaEZ2V0aIZnbzEuMTOFbGludXgt6nhJQx63B+Gh+ZxQrdT4FYNIJhdCn5A0stjvQTjtNQ==,,,2020-09-30
1601498089,0x309c0900794efbd467b096e9e8df60342843dbf1a9f89bfa051d7362037fc533,52,,95046373,1680230,0xc6b0a027c2f5a08d0ffedb90b550a686960625d79760735a64e007366d19fb2b,0x3f5812ce48652a80a34632c0c42edd1add1161fc2b6755d7c6620ffb781704a9,0xc3224785298a7caa878c888695030b377ed1b3cf0e0863ed8594a544b3c38cac,10129,0xc3224785298a7caa878c888695030b377ed1b3cf0e0863ed8594a544b3c38cac,1,1oMBCRaEZ2V0aIZnbzEuMTOFbGludXiTXxi+i2PPzIJGSzFoy6XR9ftq+OSqp0eX3Vk0sH4XMw==,,,2020-09-30
1601501447,0x0fbe9662800d32c1bb3a13f0d682ca99999169632c96b91067725ea4d5f3c3b8,63,,94030352,28083,0xbe39c43f489df9f99a0faa6c03dab1dad973d9fc07191d2982cbaf4358ddc8f4,0x6d52166de0e69aa6e51c05b00127385b108f3cbf2ef31f19f2a1bbb1a62d7965,0x1778bb027abb09901687ffb404b8a228649aa4b38d96166239ef33e2b14feb0d,777,0x1778bb027abb09901687ffb404b8a228649aa4b38d96166239ef33e2b14feb0d,1,1oMBCRaEZ2V0aIZnbzEuMTOFbGludXi/hlmCD3ES2I3kncq1F8QJNve+vf36p06QyJhkgig4mw==,,,2020-09-30
1601501412,0xbe39c43f489df9f99a0faa6c03dab1dad973d9fc07191d2982cbaf4358ddc8f4,62,,94122267,70252,0xe85863a528abfa326f3ee18cb9c720c00802aac023847d52525a9e279e0f1607,0x79c41d557972baca44f4077698e38462c10029c7594b04af76a82856641bf5b3,0x8e7d760f76055ecb292033a1cf82e946139f6c162a122a353561eb1e6b8e3cf9,778,0x8e7d760f76055ecb292033a1cf82e946139f6c162a122a353561eb1e6b8e3cf9,1,1oMBCRaEZ2V0aIZnbzEuMTOFbGludXi10coPs1xW+fL5apMcYENUkwVmfpiOOnO5Lu2hHX83qw==,,,2020-09-30
1601499361,0xc0623c55bbf6d63d79e444bfb93de9e1ae02de5fc60919f716785751c8d91286,59,,94398552,74357,0x4b82f4ba1728a4688557c91e01732917f21d9cd84ea8af5193abe15ce8207ccd,0xba4ce49302f1e12b5dc7d207d5172b1d5e674741a4bdbf08670409dd5971e660,0xe3e4d5acd1f2ac372ec7181bb708a1b81b1db2cab8316cd27c8a88ba0f473cd6,778,0xe3e4d5acd1f2ac372ec7181bb708a1b81b1db2cab8316cd27c8a88ba0f473cd6,1,1oMBCRaEZ2V0aIZnbzEuMTOFbGludXj19EpR3H8wRXl+CnOiX5gNs8clyg3GIyFllkBHEzF1EQ==,,,2020-09-30
1601478091,0x510342160d2dfdadda81befa94f3d095f9d999623e20fe1ec2cac31c0c528246,49,,95325370,0,0xc40c6c77bc1907de77c900858120c42d59681888e9ed33fa7e43508014ee3a0a,0x56e81f171bcc55a6ff8345e692c0f86e5b48e01b996cadc001622fb5e363b421,0xbc9e44c9ee8592d2a54a0470b09bdaa2241334d8e4a6760dd27f902005d0cc23,911,0xbc9e44c9ee8592d2a54a0470b09bdaa2241334d8e4a6760dd27f902005d0cc23,0,2IMBCRaEZ2V0aIhnbzEuMTQuMoVsaW51eEgdQo+C71gI6yGmWUVAkYQCWNJR30UPjLgiwRZ1+upa,,,2020-09-30
1601472463,0x0ccbef8207a122fcb9470a3da941e08471844fcc60ab097e076b2960f711b108,45,,95698640,2454168,0x86b6b3e33f355c682b64175f2bf95b10ef9a12cebdfe073f6829d98956e604f8,0x9985266d5ab44419b651c09a06369d6c80f69ba07bdfa1e0cf0bc81b59302c8d,0x977368df805158fe9b8ddf270ea821f040eff2265373d45f16f03e95aee03749,12208,0x977368df805158fe9b8ddf270ea821f040eff2265373d45f16f03e95aee03749,1,1oMBCRaEZ2V0aIZnbzEuMTOFbGludXjXh8eRuBEJ54Qx/uJY5d/RyjB97KfS236lZJpH7AMwhA==,,,2020-09-30
1601507418,0x534d009882b445098f43b9773f8381660d8969315ff8d77bb1ac2613edef70ff,70,,93389457,110781,0x819f8b1ef9e0771373f7372bcfc02688e968e2c287dbca87c5e0b2bfe5933c39,0x5c27eafe9920b9b01362db0138b822f23be7c137b0d2ffb6879ffe0d6ffaad79,0x009acfa28348877ffb64d71848cca68e0c6ed994ffd74f9740572a5fcc47c8b1,810,0x009acfa28348877ffb64d71848cca68e0c6ed994ffd74f9740572a5fcc47c8b1,1,1oMBCRaEZ2V0aIZnbzEuMTOFbGludXhSaoYz6A49geOW79uX/pS+IFdrQ0sU+U5Z0YsDzl2pQw==,,,2020-09-30
1601507579,0xa94b32c88c2ec628be9d06f8a9a287f939bd118b1b4a7fc8b96d8408c035cc8c,72,,93207148,24932,0xaeefa2ffd4c98f00294421fe39b9ac1845748a3739b5d12f82ec0e6f2a8a49c7,0x73ede60d4545cc6676c3fbd515edc675cb6ec4959b632721bf148ec41ce1ee03,0x4301eb0fa0b0c84a1d267a48d91700f253e4116d79e198c4e29bf2455a9a83bc,838,0x4301eb0fa0b0c84a1d267a48d91700f253e4116d79e198c4e29bf2455a9a83bc,1,1oMBCRaEZ2V0aIZnbzEuMTOFbGludXj94k9uI/v0tBrf4m+shjRJBEPXbauzZtgCzoO1bH4e8A==,,,2020-09-30
1601506826,0x457313f845a8249d937e2f3dc8f3a38490e601416123c713607558dc514ec904,64,,93938527,21000,0x0fbe9662800d32c1bb3a13f0d682ca99999169632c96b91067725ea4d5f3c3b8,0x056b23fbba480696b65fe5a59b8f2148a1299103c4f57df839233af2cf4ca2d2,0xd96310c56f7262050778dc39e3a5c9ff82cac0aaad9287d6c7e0aa39de5e3e8c,716,0xd96310c56f7262050778dc39e3a5c9ff82cac0aaad9287d6c7e0aa39de5e3e8c,1,1oMBCRaEZ2V0aIZnbzEuMTOFbGludXjKqOmbDG19z5S6TNkuyHyFN4ad0Jo9Tdh6tk6iiEXdVg==,,,2020-09-30
1601498967,0xade60fd06894a174d36cbfb7e951449508dc8736e916f675fd3cad0eefaec9a5,54,,94860829,1680230,0x75b9d7980a1c4a2032fdbe9afa3276fac4d206036a2588866e89c2d498674762,0x3f5812ce48652a80a34632c0c42edd1add1161fc2b6755d7c6620ffb781704a9,0xe86629b153714058c918af53e35bbbacc065576a034bb8202ddc774b07a1aa6d,10129,0xe86629b153714058c918af53e35bbbacc065576a034bb8202ddc774b07a1aa6d,1,1oMBCRaEZ2V0aIZnbzEuMTOFbGludXgSxHemPL3+ObUptKSETjPLmU5UI/XN0+wW4+jYWU+rcQ==,,,2020-09-30
1601471271,0x93196c2acfa8850735dfda76ebe8ad0076a3f30b0108748d5449a0fb36a23e3d,38,,96355384,0,0x267ee7fb64ddfee6a178bc3551b3a511ebec887db2d8aed56cd8e024d47939c7,0x56e81f171bcc55a6ff8345e692c0f86e5b48e01b996cadc001622fb5e363b421,0x15400b83fa7d2dbfafddf204084b31f8b604d35d9b6765d6876079e3a90eb415,908,0x15400b83fa7d2dbfafddf204084b31f8b604d35d9b6765d6876079e3a90eb415,0,1oMBCRaEZ2V0aIZnbzEuMTOFbGludXh2h4qCLimaARk6u0BruO3blhW8xjRiD9ZzF2iNzVPrUw==,,,2020-09-30
1601472467,0xdeb6345c6fb03ba03600104c03e5a9ce9434d8bcb8fe49eae9d61325b3713386,46,,95605186,3700248,0x0ccbef8207a122fcb9470a3da941e08471844fcc60ab097e076b2960f711b108,0x8a323713ba4ca5686f1ebec4c3bb0050fa9b6ba6ab73f68523ad8e451e8cbb8d,0x18d9e7ffba064956d7fa529c59dee3601047c7a80d617581e8b8431d8c1cafdd,18201,0x18d9e7ffba064956d7fa529c59dee3601047c7a80d617581e8b8431d8c1cafdd,1,1oMBCRaEZ2V0aIZnbzEuMTOFbGludXghaXIFPKBpj7c42QFcEpwH0y0Mz6Nh2dJHvekNKbIG2A==,,,2020-09-30
1601471393,0x4a62ed37da728c63373859a70cd2dfd892b833da22e35980bd2cefe636e723c6,40,,96167284,21000,0x6d287d6cc5ac2ce78caee1821a4e524be2dfdc63a3aca54dd8b9f65252d53735,0x056b23fbba480696b65fe5a59b8f2148a1299103c4f57df839233af2cf4ca2d2,0x15f8fb4560293ec64b91e2faf311fe352913acdaa3cabd745bb9b58e5531a8cf,716,0x15f8fb4560293ec64b91e2faf311fe352913acdaa3cabd745bb9b58e5531a8cf,1,1oMBCRaEZ2V0aIZnbzEuMTOFbGludXjlSRe+223ZhxEah2vZHSFYZRHO80NSF1aSPZrql2WfZQ==,,,2020-09-30
1601501250,0xe85863a528abfa326f3ee18cb9c720c00802aac023847d52525a9e279e0f1607,61,,94214272,46417,0x6082bc122e571ea41c593759f809ade0fde9f0738dc1524135832fe1df45c6af,0x5d3c171d22ac7c0b67223aeed284f22c5ec17746b608490794f042db4c83fb99,0x4f7f4849c938e84388c2c3f1fd1e85d5401400e8fb016462ab7bdfe2d1e652db,809,0x4f7f4849c938e84388c2c3f1fd1e85d5401400e8fb016462ab7bdfe2d1e652db,1,1oMBCRaEZ2V0aIZnbzEuMTOFbGludXjBWwxGzpNh0o5W6Yhe9hv60jDhx1K9w9kcC4/d5df0+g==,,,2020-09-30
1601499267,0x5efe82e4a4cdc7de800d479132896e0df71b77b2c09c6244effc7a7067837fd1,56,,94675647,25531,0x3f672d6ada149252443a08fd790acbe9876ce7395ad97375836ae174899c75ad,0x3206fbfb7c57a5f06759287fc1e0cafe4ce02a306169744cb6a05ea49b3cce44,0x81c77282d6f6e3281d4dffcc9cf750fb855bb522730da60ff12408eea4b92b98,776,0x81c77282d6f6e3281d4dffcc9cf750fb855bb522730da60ff12408eea4b92b98,1,1oMBCRaEZ2V0aIZnbzEuMTOFbGludXhTgqzzmf7XXUjx8tL0FlpbHlwGGY4znvWppJ4Rqji45g==,,,2020-09-30
1601506966,0x819f8b1ef9e0771373f7372bcfc02688e968e2c287dbca87c5e0b2bfe5933c39,69,,93480745,24932,0xdd694d4f97bcd17cdc478bf7577c48c814b7eeb3696eeeea7b54bb24bbc37d61,0x73ede60d4545cc6676c3fbd515edc675cb6ec4959b632721bf148ec41ce1ee03,0xc9e106d169c0996b0ebc14ad1d21cf37ddadfe9e6f536f63a6fdfbe92d5365c8,838,0xc9e106d169c0996b0ebc14ad1d21cf37ddadfe9e6f536f63a6fdfbe92d5365c8,1,1oMBCRaEZ2V0aIZnbzEuMTOFbGludXg993PISjUyEA0Zj4nTTqc7/mVrvoHqWtQ6ae5VwUPwwg==,,,2020-09-30
1601499279,0x52372e10bf152a8eb93e0d5287ebf926b03b4c37d31b2d8c6f004b0689622929,57,,94583192,25531,0x5efe82e4a4cdc7de800d479132896e0df71b77b2c09c6244effc7a7067837fd1,0x3206fbfb7c57a5f06759287fc1e0cafe4ce02a306169744cb6a05ea49b3cce44,0xff479220217be616c28f18d556ed9887f48f4498b1a86c10848b781b122b92ea,776,0xff479220217be616c28f18d556ed9887f48f4498b1a86c10848b781b122b92ea,1,1oMBCRaEZ2V0aIZnbzEuMTOFbGludXgGEMvsjyYv0GtC7Ab2ZvfjJnOLKBXPIlhGzUNl8OXLug==,,,2020-09-30
1601499352,0x4b82f4ba1728a4688557c91e01732917f21d9cd84ea8af5193abe15ce8207ccd,58,,94490827,74345,0x52372e10bf152a8eb93e0d5287ebf926b03b4c37d31b2d8c6f004b0689622929,0xe217d14fd089687d6203405556f65057a762051f1a45b1a604d630931c7218c4,0x78a9040fac2c1ae0e84ae5b3ae533375f30f8cab421fc9606d103db97e10c180,778,0x78a9040fac2c1ae0e84ae5b3ae533375f30f8cab421fc9606d103db97e10c180,1,1oMBCRaEZ2V0aIZnbzEuMTOFbGludXh+CcSLzhV/mb3+iIziWscJ8TVkwHSi6d7AO8ZgCmPxyA==,,,2020-09-30
1601506963,0xdd694d4f97bcd17cdc478bf7577c48c814b7eeb3696eeeea7b54bb24bbc37d61,68,,93572123,24932,0x6d1b55f11646f98ee27c337f2ca06057908ff4658e5586c769ebc27dcbbb1a47,0x73ede60d4545cc6676c3fbd515edc675cb6ec4959b632721bf148ec41ce1ee03,0x8e6c0a6aed26ff5077792795fa6387489c963f635ba3d0200f4f287eb268f2af,838,0x8e6c0a6aed26ff5077792795fa6387489c963f635ba3d0200f4f287eb268f2af,1,1oMBCRaEZ2V0aIZnbzEuMTOFbGludXiYeU6lOMdP6xtba0c9qh+V88cvX0Ej5XIwdrGGQAc41Q==,,,2020-09-30
1601250624,0xd0e195201eef16e603b2c7cf74b0404b738bdb2abf84b9e8400f45b8cb43964e,19,,98160779,1795974,0xbf8c2c37898c635c00360da7ceaca02d4085bdfff0d676d89f92ae3b458fb11c,0xfa5b8a29db424a6bf8f886c2c7ab110644623eb1a7b13b2d757eef059652cc8b,0x9b08698772fa7a66a45aa6f80b4fc660cea93af41be9c87615a2bdf657db0002,8661,0x9b08698772fa7a66a45aa6f80b4fc660cea93af41be9c87615a2bdf657db0002,1,2IMBCRaEZ2V0aIhnbzEuMTMuOIVsaW51eH5SGmY0ntIh1ny85ClYibQ15wp2A2sd3CFvvh3URtds,,,2020-09-27
1601249867,0xbf8c2c37898c635c00360da7ceaca02d4085bdfff0d676d89f92ae3b458fb11c,18,,98256731,0,0xb08b74a7ba091534e841255157385f4a9a0d631e675b470112d84227bebec01e,0x56e81f171bcc55a6ff8345e692c0f86e5b48e01b996cadc001622fb5e363b421,0xc019c20359712da455c0f5434ce1a51401f389b5c4442433809b7dc5799db988,911,0xc019c20359712da455c0f5434ce1a51401f389b5c4442433809b7dc5799db988,0,2IMBCRaEZ2V0aIhnbzEuMTMuOIVsaW51eD4OeCEjCO9BtI+7gOKUqu5VH72kTdS7SOx/mWVLz4BX,,,2020-09-27
1601043656,0x4a868cadec6dc36fb66fe831a838701a33a2411486875a72527863d263dbb669,13,,98737901,1224250,0xbc27a06aaf0e4a77f5cdc9e28fb16110349b66fc4f37aac54883f898bc66e7c4,0x1459a61ab1c35526a6d55b0488d54e170ceaa65ecbfd89b1860e4b4ff709ea16,0x9d2497356e84aa3fc410e40eed6e8625be9bdb2c470f1ad36103cf2a26f16396,6168,0x9d2497356e84aa3fc410e40eed6e8625be9bdb2c470f1ad36103cf2a26f16396,1,1oMBCRaEZ2V0aIZnbzEuMTOFbGludXixUHUuuiY28FVAEz1xmncL/9SUN7Tmg1Y271g2DjNBuA==,,,2020-09-25
1601053567,0xf87d24f07a391b81d375c86995b4fef2be153369bb0783bfa0aac212b56a9b55,15,,98545151,0,0xa3c6d9af881052eab7bdc6865cfba51b41bf60c51ef0081f3c2a012140c286da,0x56e81f171bcc55a6ff8345e692c0f86e5b48e01b996cadc001622fb5e363b421,0x6e0f5ce991e2a8769dbd54675156ea503592f4f5360acc545029cceba22af0be,911,0x6e0f5ce991e2a8769dbd54675156ea503592f4f5360acc545029cceba22af0be,0,2IMBCRaEZ2V0aIhnbzEuMTMuNIVsaW51eBp7MnmkpjXTmTppZNlMoe0twYXwIXHY565GG584ZNjg,,,2020-09-25
1601043189,0xbd9c3e357b29f403a2b5ba455960e17f595f82eb84e5e9a1c7f7bdaf4784d0e6,9,,99124533,21000,0x7bcdc7d3ef49a9af2abb95e88bda897c5cd04849a92945f7055c8c8c6d86aa68,0x056b23fbba480696b65fe5a59b8f2148a1299103c4f57df839233af2cf4ca2d2,0xd591d9619865d2d2de1b062e0c1ff7b0ddead67bceb3a09d6391ad6da2c88403,704,0xd591d9619865d2d2de1b062e0c1ff7b0ddead67bceb3a09d6391ad6da2c88403,1,ZGFvLWhhcmQtZm9yawgnvUGSeMYFwIGMjqTB/s8i4i+Ealc4LNlIx+9sywip,,,2020-09-25
1601043517,0xbc27a06aaf0e4a77f5cdc9e28fb16110349b66fc4f37aac54883f898bc66e7c4,12,,98834417,21000,0xc2b8ab55dbd483368b8b8b2a356ed117b2781c52922af1f7dec0387c64375bdf,0x056b23fbba480696b65fe5a59b8f2148a1299103c4f57df839233af2cf4ca2d2,0xac98d5e9ebfe4d55b0bc4768d0909c9e13ab6ac8fa1d5e79cc0ba69f21cfac2f,714,0xac98d5e9ebfe4d55b0bc4768d0909c9e13ab6ac8fa1d5e79cc0ba69f21cfac2f,1,1oMBCRaEZ2V0aIZnbzEuMTOFbGludXjst0DE4MV6Qhc5J+VvkoURqfV7jCJ/JQVKNNjQnAO+6Q==,,,2020-09-25
1601064363,0x4ccb450c76b468ef7feecc7fa5532e24f31e5b78881526b72a1a9dda5c3bc471,16,,98448917,0,0xf87d24f07a391b81d375c86995b4fef2be153369bb0783bfa0aac212b56a9b55,0x56e81f171bcc55a6ff8345e692c0f86e5b48e01b996cadc001622fb5e363b421,0x1a08815c63d02a6f45e545d37ede380628df536521ef133392167037a0f70aed,911,0x1a08815c63d02a6f45e545d37ede380628df536521ef133392167037a0f70aed,0,2IMBCRaEZ2V0aIhnbzEuMTUuMoVsaW51eNNdTUmo9XeJ1wpbmmWZwn2NkARkHZi7AoMh35DvpJrQ,,,2020-09-25
1601043242,0x0af6d14cf36b0d52e0b49747460859804fcd7a6f8518fe374fba05c96c27d35a,10,,99027733,21000,0xbd9c3e357b29f403a2b5ba455960e17f595f82eb84e5e9a1c7f7bdaf4784d0e6,0x056b23fbba480696b65fe5a59b8f2148a1299103c4f57df839233af2cf4ca2d2,0x22e2b78756f092431f28ccc906cacc1a1c58d9b341b87fa86ba3af4141517f3d,714,0x22e2b78756f092431f28ccc906cacc1a1c58d9b341b87fa86ba3af4141517f3d,1,1oMBCRaEZ2V0aIZnbzEuMTOFbGludXhlc8d2mg9yDjau9r0Gop9WExuQHR5XOS0mY+Z/zjLnxA==,,,2020-09-25
1601042530,0x7bcdc7d3ef49a9af2abb95e88bda897c5cd04849a92945f7055c8c8c6d86aa68,8,,99221427,1000000,0xde78a1eb5dd8374c21b1d0a9df32bf1bed29b0fdd0a0c6b2fb3858bdf92873ce,0x6ebeb82e2fd4ad8ef581ba011ed8590752fbb658e86bb4f29d186cba3f7b1357,0xc90ca367e470ef0e93e3e7ba3fe285a482793836bd6bc8db022951959b1655a3,6158,0xc90ca367e470ef0e93e3e7ba3fe285a482793836bd6bc8db022951959b1655a3,1,ZGFvLWhhcmQtZm9ya7cBWYBH2H1msdoLoqz0BBlVHBdHxPZz9BOKUQV/6mF+,,,2020-09-25
1601064511,0xb08b74a7ba091534e841255157385f4a9a0d631e675b470112d84227bebec01e,17,,98352777,0,0x4ccb450c76b468ef7feecc7fa5532e24f31e5b78881526b72a1a9dda5c3bc471,0x56e81f171bcc55a6ff8345e692c0f86e5b48e01b996cadc001622fb5e363b421,0x0337951a9d93cf099595a4cdd600e3fe13d0608115a2f468809c461382323cb1,911,0x0337951a9d93cf099595a4cdd600e3fe13d0608115a2f468809c461382323cb1,0,2IMBCRaEZ2V0aIhnbzEuMTUuMoVsaW51eArGO32M1ZcwdhNc93/KnSQWXbtSEnhPeBTewT7huGPq,,,2020-09-25
1601043498,0xc2b8ab55dbd483368b8b8b2a356ed117b2781c52922af1f7dec0387c64375bdf,11,,98931028,0,0x0af6d14cf36b0d52e0b49747460859804fcd7a6f8518fe374fba05c96c27d35a,0x56e81f171bcc55a6ff8345e692c0f86e5b48e01b996cadc001622fb5e363b421,0xd161fa3d4d451c6bce9429f94a6229547681ef13d259735917fa96b244978971,913,0xd161fa3d4d451c6bce9429f94a6229547681ef13d259735917fa96b244978971,0,2oMBCRaEZ2V0aIhnbzEuMTQuMod3aW5kb3dzFuQY3Vn1Yzwxd/OU7AO5VsaCP25EXJk2pbjJyd+gOZY=,,,2020-09-25
1601044243,0xa3c6d9af881052eab7bdc6865cfba51b41bf60c51ef0081f3c2a012140c286da,14,,98641479,1224250,0x4a868cadec6dc36fb66fe831a838701a33a2411486875a72527863d263dbb669,0x1459a61ab1c35526a6d55b0488d54e170ceaa65ecbfd89b1860e4b4ff709ea16,0x67d858f7f81f8ba88932c7bcf26216641a827e51a7ac7c005da20db7eefa5568,6168,0x67d858f7f81f8ba88932c7bcf26216641a827e51a7ac7c005da20db7eefa5568,1,1oMBCRaEZ2V0aIZnbzEuMTOFbGludXjULwQuwVqzBlr/ht9CQk1z+h5N9N7r3SJNa4ZLbGpyhw==,,,2020-09-25
