BLOCKHASH,BLOCKNUMBER,BLOCKTIMESTAMP,TRANSACTIONHASH,LOGADDRESS,TOPICHEX_0,TOPICHEX_1,TOPICHEX_2,TOPICHEX_3,TOPICDEC_0,TOPICDEC_1,TOPICDEC_2,TOPICDEC_3,LOGDATA,LOGINDEX,TRANSACTIONINDEX,REMOVED,PARTITION_DATE
0xfba916028069cd5b590c379c68429f00142a57c172cf0cdf8393caa3f79a6581,34,1601402925,0xf43e4d9dfdf1bfe0759aa5908fa3a552e6e2b7838a0a94e135d8f6ac9d6587db,0x640440c1A691dC824C89f92A856848A9013D3784,0x6fa50d56c31f3efe0cb6ff06232bffce8fe8c4155e3cbb6f2d79dd12631c2522,0xcb132209b401d2ff8c73eed128031d25a1e43f7cf24a74e8f6f4f8d5b705d318,0x0000000000000000000000002d8da8a742accd79d470e38e160d43fceb03c1d5,0x000000000000000000000000767189778891495bcaf68d6ab5f8246d1ec84693,50498348020237674936646727156877866036146515719687718937835388258204532876578,91853313277606139963145173098815395590321814251851764416173643038068473975576,260063681539883698299404189130348943376753344981,676192870222950717379686253009509581364415448723,0x422d62783bc5954bc60d8de5b23c23e10a33300c6fab4dbc1de99c9ad8762721,0,0,false,2020-09-29
0x850bd9914ea6512767e473ecca03229a94608b67c5306892c5260113d3b4f76c,27,1601388003,0x0a147246f6fb8e44381ef0fa6c4485afb697bc5949ba4976669828931234cfb7,0x640440c1A691dC824C89f92A856848A9013D3784,0x2d3a5ed13d0553389b4078e01264416362e34d23520fda797fbc17f3905ed131,0x8f70f4d128e46d3bf6dd3cea9ea8a3b70bab062536755dcf0af77b18f63bf50c,0x000000000000000000000000767189778891495bcaf68d6ab5f8246d1ec84693,0x000000000000000000000000967d458697fb512394740a37d39c3a1ca90b1a30,20457209721215825919055929138353935057720616361263495435123529594584338190641,64880313883706203873505051058258932676458589345306101417862237763873088992524,676192870222950717379686253009509581364415448723,859142265320977054959558455024951620050031942192,0x870c93ad9b15681990b83ab883fc8cd41e00accc394dc9f2489772129d71b3faaec90b5cca84194aa944f79a1142ff2e6b9fc7e717ecb2e6f7ab1064d5d118f5,0,0,false,2020-09-29
0xe2c209a7c02da2292b90e14cbcc606d2efa6159f70ccd83aea927f7763dacd06,25,1601387240,0x724a91553fbd54678a134ad72126f830407959e06854c1f311667f115922b7ca,0x640440c1A691dC824C89f92A856848A9013D3784,0x6fa50d56c31f3efe0cb6ff06232bffce8fe8c4155e3cbb6f2d79dd12631c2522,0xecdee4e395b608fe99e69e4e092c19c50ce6ffbb5189a51a8e29e51c0f3b95df,0x000000000000000000000000767189778891495bcaf68d6ab5f8246d1ec84693,0x000000000000000000000000967d458697fb512394740a37d39c3a1ca90b1a30,50498348020237674936646727156877866036146515719687718937835388258204532876578,107139652047873047038645730853152434395024668909921769292584118699735134213599,676192870222950717379686253009509581364415448723,859142265320977054959558455024951620050031942192,0x9c81215602debfef1d3218218674d7d02c5bfd5928f6afc87f53529d4ce3647b,0,0,false,2020-09-29
0xf32c9bb95ec2b6eebbe2dea2f07f6a524ab23d2bae2a7c84e42004054dd39da4,29,1601391693,0x9299a32ae558195a00c710b9d52a4d5fb68e4647ca3aa832ec3a0f7f8009d902,0x640440c1A691dC824C89f92A856848A9013D3784,0x767d0ffbc3d16cc51fc05770a22976e4b0fda9198e37878b76979429b2d5d88c,0xcd4da79827025ca4e3e77fb2d69b165aadf53f5882efc38366703c51b833b8b7,0x0000000000000000000000002d8da8a742accd79d470e38e160d43fceb03c1d5,0x00000000000000000000000046d5c1c6aafa25f68b005eb281af3841fb77ce37,53593882329686596457682609786654452631037943910373824810254744343969275435148,92861337877217503641644461441431604159371347608302178155304018940752165058743,260063681539883698299404189130348943376753344981,404396292959316872979257326080803106899468209719,0x00000000000000000000000000000000000000000000000001294d6d51ab000000000000000000000000000000000000000000000000000000038d7ea4c68000000000000000000000000000000000000000000000000000000000005f73686d9d3adeb6739883a6e55912fe793f29ddf6685cb7f6774f69aa73dd1e5951f69100000000000000000000000000000000000000000000000000000000000000c0000000000000000000000000000000000000000000000000000000000000010000000000000000000000000000000000000000000000000000000000000000034554480000000000000000000000000000000000000000000000000000000000000000000000000000000000000000000000000000000000000000000000002a30786232636238336532653336373638326232633064336161663034313331646439346334316131613900000000000000000000000000000000000000000000,0,0,false,2020-09-29
0x8a8f5da47b0a9dbcd2e17372da22bafe32e0ab96275c42b44f489bdc49322859,24,1601386148,0xadd27ca6b8133042cb2ec75b8d905971c0c4fb8ef89f0d92c35714613507012d,0x640440c1A691dC824C89f92A856848A9013D3784,0x767d0ffbc3d16cc51fc05770a22976e4b0fda9198e37878b76979429b2d5d88c,0xecdee4e395b608fe99e69e4e092c19c50ce6ffbb5189a51a8e29e51c0f3b95df,0x000000000000000000000000767189778891495bcaf68d6ab5f8246d1ec84693,0x000000000000000000000000967d458697fb512394740a37d39c3a1ca90b1a30,53593882329686596457682609786654452631037943910373824810254744343969275435148,107139652047873047038645730853152434395024668909921769292584118699735134213599,676192870222950717379686253009509581364415448723,859142265320977054959558455024951620050031942192,0x0000000000000000000000000000000000000000000000001bc16d674ec80000000000000000000000000000000000000000000000000000004ff08a50175000000000000000000000000000000000000000000000000000000000005f733a8b9c81215602debfef1d3218218674d7d02c5bfd5928f6afc87f53529d4ce3647b00000000000000000000000000000000000000000000000000000000000000c0000000000000000000000000000000000000000000000000000000000000010000000000000000000000000000000000000000000000000000000000000000034554480000000000000000000000000000000000000000000000000000000000000000000000000000000000000000000000000000000000000000000000002a30783061356363623538326330623038633865373730343331313338336332656136393838343065376200000000000000000000000000000000000000000000,0,0,false,2020-09-29
0xcec4ca41250c1732284892b0841fc603fb63da83ca046fb626c6cde6921cf109,30,1601391713,0x376236ad2f1f5b0abd7b6271564e9ca100e5038ec43bf93bf1e4bfe1478dfc70,0x640440c1A691dC824C89f92A856848A9013D3784,0x2d3a5ed13d0553389b4078e01264416362e34d23520fda797fbc17f3905ed131,0xcd4da79827025ca4e3e77fb2d69b165aadf53f5882efc38366703c51b833b8b7,0x0000000000000000000000002d8da8a742accd79d470e38e160d43fceb03c1d5,0x00000000000000000000000046d5c1c6aafa25f68b005eb281af3841fb77ce37,20457209721215825919055929138353935057720616361263495435123529594584338190641,92861337877217503641644461441431604159371347608302178155304018940752165058743,260063681539883698299404189130348943376753344981,404396292959316872979257326080803106899468209719,0x4669c8aec057caffbd0bb39c13e6b174afb665a4dcc291a6104c18db6765388d9d3adeb6739883a6e55912fe793f29ddf6685cb7f6774f69aa73dd1e5951f691,0,0,false,2020-09-29
0xb0a2533ce2c91f563e727f0a0259a39e3fc516fae388236ca65701feea114101,33,1601395223,0xa62d75cbd0cc984e9ea7717fee34efd36e68e05863bf4693c4d6b821184d27cb,0x640440c1A691dC824C89f92A856848A9013D3784,0x767d0ffbc3d16cc51fc05770a22976e4b0fda9198e37878b76979429b2d5d88c,0xcb132209b401d2ff8c73eed128031d25a1e43f7cf24a74e8f6f4f8d5b705d318,0x0000000000000000000000002d8da8a742accd79d470e38e160d43fceb03c1d5,0x000000000000000000000000767189778891495bcaf68d6ab5f8246d1ec84693,53593882329686596457682609786654452631037943910373824810254744343969275435148,91853313277606139963145173098815395590321814251851764416173643038068473975576,260063681539883698299404189130348943376753344981,676192870222950717379686253009509581364415448723,0x0000000000000000000000000000000000000000000000000129ea967449000000000000000000000000000000000000000000000000000000038d7ea4c68000000000000000000000000000000000000000000000000000000000005f737636422d62783bc5954bc60d8de5b23c23e10a33300c6fab4dbc1de99c9ad876272100000000000000000000000000000000000000000000000000000000000000c0000000000000000000000000000000000000000000000000000000000000010000000000000000000000000000000000000000000000000000000000000000034554480000000000000000000000000000000000000000000000000000000000000000000000000000000000000000000000000000000000000000000000002a30786232636238336532653336373638326232633064336161663034313331646439346334316131613900000000000000000000000000000000000000000000,0,0,false,2020-09-29
0x5fa48d3ca29e04e52e4dcad322cf4c886f324ece393bd3345fa34d8954f0249f,21,1601385658,0x74131adf0fa7661786b749bfb0fae2088f8200b5ba44330a2aa3f6ffede71629,0x640440c1A691dC824C89f92A856848A9013D3784,0x767d0ffbc3d16cc51fc05770a22976e4b0fda9198e37878b76979429b2d5d88c,0xb62e7cd8b22f7eed2d8d959ddb788b546f5e9d60f99836ad87235286d8c0503f,0x000000000000000000000000967d458697fb512394740a37d39c3a1ca90b1a30,0x000000000000000000000000767189778891495bcaf68d6ab5f8246d1ec84693,53593882329686596457682609786654452631037943910373824810254744343969275435148,82403075065794897056089015604697693260521343887655799185194349273386005319743,859142265320977054959558455024951620050031942192,676192870222950717379686253009509581364415448723,0x0000000000000000000000000000000000000000000000001796970efc78000000000000000000000000000000000000000000000000000000470de4df820000000000000000000000000000000000000000000000000000000000005f7350d919e364eda608b7803bd9cb10ebc052c8166c7ca0bf66a1838d1e44326afa08c700000000000000000000000000000000000000000000000000000000000000c0000000000000000000000000000000000000000000000000000000000000010000000000000000000000000000000000000000000000000000000000000000034554480000000000000000000000000000000000000000000000000000000000000000000000000000000000000000000000000000000000000000000000002a30786630373536653138386432663965306339303033613635303139626530313064646266356630323600000000000000000000000000000000000000000000,0,0,false,2020-09-29
0x56ce38b18e185b3574b8d6e620029449309707c31663236245d5d53f6b4e8549,26,1601387290,0xf86c66a425953232c0fd8ec3f8574b9346d9e01c0564986d56052480223bfa5b,0x640440c1A691dC824C89f92A856848A9013D3784,0x767d0ffbc3d16cc51fc05770a22976e4b0fda9198e37878b76979429b2d5d88c,0x8f70f4d128e46d3bf6dd3cea9ea8a3b70bab062536755dcf0af77b18f63bf50c,0x000000000000000000000000767189778891495bcaf68d6ab5f8246d1ec84693,0x000000000000000000000000967d458697fb512394740a37d39c3a1ca90b1a30,53593882329686596457682609786654452631037943910373824810254744343969275435148,64880313883706203873505051058258932676458589345306101417862237763873088992524,676192870222950717379686253009509581364415448723,859142265320977054959558455024951620050031942192,0x0000000000000000000000000000000000000000000000000de0b6b3a76400000000000000000000000000000000000000000000000000000027e688f578f000000000000000000000000000000000000000000000000000000000005f748c99aec90b5cca84194aa944f79a1142ff2e6b9fc7e717ecb2e6f7ab1064d5d118f500000000000000000000000000000000000000000000000000000000000000c0000000000000000000000000000000000000000000000000000000000000010000000000000000000000000000000000000000000000000000000000000000034554480000000000000000000000000000000000000000000000000000000000000000000000000000000000000000000000000000000000000000000000002a30783061356363623538326330623038633865373730343331313338336332656136393838343065376200000000000000000000000000000000000000000000,0,0,false,2020-09-29
0xd94397bc22a82ab633c47348265363444fc6acdcdbba3a6b8d9d351efcad45f5,23,1601385916,0xa62c644aa842e47cc12c49d1439aa8ca439147992212cb92e29d29b31b8a17c3,0x640440c1A691dC824C89f92A856848A9013D3784,0x2d3a5ed13d0553389b4078e01264416362e34d23520fda797fbc17f3905ed131,0xb62e7cd8b22f7eed2d8d959ddb788b546f5e9d60f99836ad87235286d8c0503f,0x000000000000000000000000967d458697fb512394740a37d39c3a1ca90b1a30,0x000000000000000000000000767189778891495bcaf68d6ab5f8246d1ec84693,20457209721215825919055929138353935057720616361263495435123529594584338190641,82403075065794897056089015604697693260521343887655799185194349273386005319743,859142265320977054959558455024951620050031942192,676192870222950717379686253009509581364415448723,0x6ee8e454a8e9cda8d69917f34ab58c5ff000fad98a8d913a56bb27b4e278987319e364eda608b7803bd9cb10ebc052c8166c7ca0bf66a1838d1e44326afa08c7,0,0,false,2020-09-29
0x4acec68bb81e58851bd668e128624c05f3f242037f8f4ccae7eaacdead70cb62,20,1601252703,0x684d5c4bae17cc97d66f6a020e042627c8e8a94fb79eefbb7087921be49f5628,0x436e85c85600a9060456610f679543EAAFe59f1f,0xddf252ad1be2c89b69c2b068fc378daa952ba7f163c4a11628f55a4df523b3ef,0x0000000000000000000000000000000000000000000000000000000000000000,0x00000000000000000000000002dc93ccd8b4c1150ab0e50168eab3e4df817d33,0x0000000000000000000000000000000000000000000000000000000000000001,100389287136786176327247604509743168900146139575972864366142685224231313322991,0,16337020697011013463539463599923114012699622707,1,0x,0,0,false,2020-09-28
0xc0623c55bbf6d63d79e444bfb93de9e1ae02de5fc60919f716785751c8d91286,59,1601499361,0xc1b060ff283e4c377b53a0515647a45304687a9386cff5f781193bbb136655d1,0x4259F50ED1e02eA5793959b1d1E902c6Ef16aFF6,0x2f8788117e7eff1d82e926ec794901d17c78024a50270940304540a733656f0d,0x0000000000000000000000000000000000000000000000000000000000000000,0x000000000000000000000000ad07d59d97d6c50b2bf7193f144eb2d5c8a8d602,0x000000000000000000000000ad5da9234b49bebcdc12eb23358f68edf0cefe09,21498167346302451094516930465084812798900530214793017313261708129848854408973,0,987830117111977598985256171806861105912674309634,989744106642267901334396765930346307613663100425,0x,0,0,false,2020-09-30
0x75b9d7980a1c4a2032fdbe9afa3276fac4d206036a2588866e89c2d498674762,53,1601498962,0xcd45587e16a713b227795646e4c18bf2b088c6c174f6f4d6c667430f5a34a1de,0x6a68C87dA4d25c9F04ee22554CAe10aC9A7c4de6,0x2f8788117e7eff1d82e926ec794901d17c78024a50270940304540a733656f0d,0xe2b7fb3b832174769106daebcfd6d1970523240dda11281102db9363b83b0dc4,0x0000000000000000000000004aa0d262a6dc9a00baaa5ff3ff0c7110b9f14294,0x000000000000000000000000ad5da9234b49bebcdc12eb23358f68edf0cefe09,21498167346302451094516930465084812798900530214793017313261708129848854408973,102547770735452218668329474129228402032596641604203437911260885007774093348292,426051763422243928557686413989692868224516965012,989744106642267901334396765930346307613663100425,0x,1,0,false,2020-09-30
0xc6b0a027c2f5a08d0ffedb90b550a686960625d79760735a64e007366d19fb2b,51,1601498084,0xdbea8ac3e7ae821765982b3d7272df7788b11879a01287d4b0d4c4516cbb4444,0xa5acE8CdeF34723Feb1Caf58EF436c8b6647f66E,0x2f8788117e7eff1d82e926ec794901d17c78024a50270940304540a733656f0d,0xe2b7fb3b832174769106daebcfd6d1970523240dda11281102db9363b83b0dc4,0x000000000000000000000000ad07d59d97d6c50b2bf7193f144eb2d5c8a8d602,0x000000000000000000000000ad5da9234b49bebcdc12eb23358f68edf0cefe09,21498167346302451094516930465084812798900530214793017313261708129848854408973,102547770735452218668329474129228402032596641604203437911260885007774093348292,987830117111977598985256171806861105912674309634,989744106642267901334396765930346307613663100425,0x,2,0,false,2020-09-30
0x04fda813da6a1e515692eaf4c20be203ef7eb6737b097a88a7726a4863ba874a,41,1601472444,0xea804e30ba0af6a1726d20f94d472cce178bfaa5a5bd1c94bde2c3c0c8a62257,0x4259F50ED1e02eA5793959b1d1E902c6Ef16aFF6,0x2f8788117e7eff1d82e926ec794901d17c78024a50270940304540a733656f0d,0xe2b7fb3b832174769106daebcfd6d1970523240dda11281102db9363b83b0dc4,0x000000000000000000000000f37619d5fcd8d3453161ab199427c139f769cf2d,0x000000000000000000000000ad5da9234b49bebcdc12eb23358f68edf0cefe09,21498167346302451094516930465084812798900530214793017313261708129848854408973,102547770735452218668329474129228402032596641604203437911260885007774093348292,1389918495867003342215108806365842852573174419245,989744106642267901334396765930346307613663100425,0x,1,0,false,2020-09-30
0xbe39c43f489df9f99a0faa6c03dab1dad973d9fc07191d2982cbaf4358ddc8f4,62,1601501412,0x0bd1fbe31a1339fb8369af906fb0a82c789220a8b09ad5f2d278e298ac0e942b,0x6F239aA5b4db9a725Af9c74384e3c8D3c817C4B6,0x2f8788117e7eff1d82e926ec794901d17c78024a50270940304540a733656f0d,0x9f2df0fed2c77648de5860a4cc508cd0818c85b8b8a1ab4ceeef8d981c8956a6,0x0000000000000000000000006bd353b76a1ac135dd1ae0d4fb826b5af4a70003,0x000000000000000000000000ad5da9234b49bebcdc12eb23358f68edf0cefe09,21498167346302451094516930465084812798900530214793017313261708129848854408973,71998914331801701415977457805802827292338598818749192222732755537001613711014,615574762447483359252118702116423961308280848387,989744106642267901334396765930346307613663100425,0x,0,0,false,2020-09-30
0xc6b0a027c2f5a08d0ffedb90b550a686960625d79760735a64e007366d19fb2b,51,1601498084,0xdbea8ac3e7ae821765982b3d7272df7788b11879a01287d4b0d4c4516cbb4444,0xa5acE8CdeF34723Feb1Caf58EF436c8b6647f66E,0x2f8788117e7eff1d82e926ec794901d17c78024a50270940304540a733656f0d,0xe2b7fb3b832174769106daebcfd6d1970523240dda11281102db9363b83b0dc4,0x000000000000000000000000970fc269042ddc420ffb4cccb9dacca25c5d0538,0x000000000000000000000000ad5da9234b49bebcdc12eb23358f68edf0cefe09,21498167346302451094516930465084812798900530214793017313261708129848854408973,102547770735452218668329474129228402032596641604203437911260885007774093348292,862409053091052048398607208260684888138158245176,989744106642267901334396765930346307613663100425,0x,3,0,false,2020-09-30
0xc6b0a027c2f5a08d0ffedb90b550a686960625d79760735a64e007366d19fb2b,51,1601498084,0xdbea8ac3e7ae821765982b3d7272df7788b11879a01287d4b0d4c4516cbb4444,0xa5acE8CdeF34723Feb1Caf58EF436c8b6647f66E,0x2f8788117e7eff1d82e926ec794901d17c78024a50270940304540a733656f0d,0x0000000000000000000000000000000000000000000000000000000000000000,0x000000000000000000000000ad5da9234b49bebcdc12eb23358f68edf0cefe09,0x000000000000000000000000ad5da9234b49bebcdc12eb23358f68edf0cefe09,21498167346302451094516930465084812798900530214793017313261708129848854408973,0,989744106642267901334396765930346307613663100425,989744106642267901334396765930346307613663100425,0x,0,0,false,2020-09-30
0x4b82f4ba1728a4688557c91e01732917f21d9cd84ea8af5193abe15ce8207ccd,58,1601499352,0x4bc0def6dd826dae1cdc568c75b31af34435ea7251934aaacfd9a28ab2d163c6,0x4259F50ED1e02eA5793959b1d1E902c6Ef16aFF6,0x2f8788117e7eff1d82e926ec794901d17c78024a50270940304540a733656f0d,0x0000000000000000000000000000000000000000000000000000000000000000,0x0000000000000000000000004aa0d262a6dc9a00baaa5ff3ff0c7110b9f14294,0x000000000000000000000000ad5da9234b49bebcdc12eb23358f68edf0cefe09,21498167346302451094516930465084812798900530214793017313261708129848854408973,0,426051763422243928557686413989692868224516965012,989744106642267901334396765930346307613663100425,0x,0,0,false,2020-09-30
0x75b9d7980a1c4a2032fdbe9afa3276fac4d206036a2588866e89c2d498674762,53,1601498962,0xcd45587e16a713b227795646e4c18bf2b088c6c174f6f4d6c667430f5a34a1de,0x6a68C87dA4d25c9F04ee22554CAe10aC9A7c4de6,0x2f8788117e7eff1d82e926ec794901d17c78024a50270940304540a733656f0d,0xe2b7fb3b832174769106daebcfd6d1970523240dda11281102db9363b83b0dc4,0x000000000000000000000000ad07d59d97d6c50b2bf7193f144eb2d5c8a8d602,0x000000000000000000000000ad5da9234b49bebcdc12eb23358f68edf0cefe09,21498167346302451094516930465084812798900530214793017313261708129848854408973,102547770735452218668329474129228402032596641604203437911260885007774093348292,987830117111977598985256171806861105912674309634,989744106642267901334396765930346307613663100425,0x,2,0,false,2020-09-30
0x04fda813da6a1e515692eaf4c20be203ef7eb6737b097a88a7726a4863ba874a,41,1601472444,0xea804e30ba0af6a1726d20f94d472cce178bfaa5a5bd1c94bde2c3c0c8a62257,0x4259F50ED1e02eA5793959b1d1E902c6Ef16aFF6,0x2f8788117e7eff1d82e926ec794901d17c78024a50270940304540a733656f0d,0xe2b7fb3b832174769106daebcfd6d1970523240dda11281102db9363b83b0dc4,0x000000000000000000000000d4529b3c7165b7efbb081cfc77db6cdf3bcba22b,0x000000000000000000000000ad5da9234b49bebcdc12eb23358f68edf0cefe09,21498167346302451094516930465084812798900530214793017313261708129848854408973,102547770735452218668329474129228402032596641604203437911260885007774093348292,1212148227492925844510349791018530513135956894251,989744106642267901334396765930346307613663100425,0x,3,0,false,2020-09-30
0x04fda813da6a1e515692eaf4c20be203ef7eb6737b097a88a7726a4863ba874a,41,1601472444,0xea804e30ba0af6a1726d20f94d472cce178bfaa5a5bd1c94bde2c3c0c8a62257,0x4259F50ED1e02eA5793959b1d1E902c6Ef16aFF6,0x2f8788117e7eff1d82e926ec794901d17c78024a50270940304540a733656f0d,0xe2b7fb3b832174769106daebcfd6d1970523240dda11281102db9363b83b0dc4,0x000000000000000000000000a9f691f674e1d25d34152d7bbdc0e39bbd3bea33,0x000000000000000000000000ad5da9234b49bebcdc12eb23358f68edf0cefe09,21498167346302451094516930465084812798900530214793017313261708129848854408973,102547770735452218668329474129228402032596641604203437911260885007774093348292,970318138734352761669420155391181190078547094067,989744106642267901334396765930346307613663100425,0x,2,0,false,2020-09-30
0x6082bc122e571ea41c593759f809ade0fde9f0738dc1524135832fe1df45c6af,60,1601499367,0xf11c908c38c28d401ea18e1b9c6a5d73173269194fb8997d989e388348a60847,0x4259F50ED1e02eA5793959b1d1E902c6Ef16aFF6,0x2f8788117e7eff1d82e926ec794901d17c78024a50270940304540a733656f0d,0x0000000000000000000000000000000000000000000000000000000000000000,0x000000000000000000000000970fc269042ddc420ffb4cccb9dacca25c5d0538,0x000000000000000000000000ad5da9234b49bebcdc12eb23358f68edf0cefe09,21498167346302451094516930465084812798900530214793017313261708129848854408973,0,862409053091052048398607208260684888138158245176,989744106642267901334396765930346307613663100425,0x,0,0,false,2020-09-30
0x75b9d7980a1c4a2032fdbe9afa3276fac4d206036a2588866e89c2d498674762,53,1601498962,0xcd45587e16a713b227795646e4c18bf2b088c6c174f6f4d6c667430f5a34a1de,0x6a68C87dA4d25c9F04ee22554CAe10aC9A7c4de6,0x2f8788117e7eff1d82e926ec794901d17c78024a50270940304540a733656f0d,0x0000000000000000000000000000000000000000000000000000000000000000,0x000000000000000000000000ad5da9234b49bebcdc12eb23358f68edf0cefe09,0x000000000000000000000000ad5da9234b49bebcdc12eb23358f68edf0cefe09,21498167346302451094516930465084812798900530214793017313261708129848854408973,0,989744106642267901334396765930346307613663100425,989744106642267901334396765930346307613663100425,0x,0,0,false,2020-09-30
0xc6b0a027c2f5a08d0ffedb90b550a686960625d79760735a64e007366d19fb2b,51,1601498084,0xdbea8ac3e7ae821765982b3d7272df7788b11879a01287d4b0d4c4516cbb4444,0xa5acE8CdeF34723Feb1Caf58EF436c8b6647f66E,0x2f8788117e7eff1d82e926ec794901d17c78024a50270940304540a733656f0d,0xe2b7fb3b832174769106daebcfd6d1970523240dda11281102db9363b83b0dc4,0x0000000000000000000000004aa0d262a6dc9a00baaa5ff3ff0c7110b9f14294,0x000000000000000000000000ad5da9234b49bebcdc12eb23358f68edf0cefe09,21498167346302451094516930465084812798900530214793017313261708129848854408973,102547770735452218668329474129228402032596641604203437911260885007774093348292,426051763422243928557686413989692868224516965012,989744106642267901334396765930346307613663100425,0x,1,0,false,2020-09-30
0xdeb6345c6fb03ba03600104c03e5a9ce9434d8bcb8fe49eae9d61325b3713386,46,1601472467,0x8bac5519d6048c6f8ef9b4f1487c7b85e184d86c6354ab39e089c5d785546175,0x2d87D6333724fbd177D45fB592449247d6B28307,0x2f8788117e7eff1d82e926ec794901d17c78024a50270940304540a733656f0d,0x0000000000000000000000000000000000000000000000000000000000000000,0x000000000000000000000000ad5da9234b49bebcdc12eb23358f68edf0cefe09,0x000000000000000000000000ad5da9234b49bebcdc12eb23358f68edf0cefe09,21498167346302451094516930465084812798900530214793017313261708129848854408973,0,989744106642267901334396765930346307613663100425,989744106642267901334396765930346307613663100425,0x,0,0,false,2020-09-30
0xdeb6345c6fb03ba03600104c03e5a9ce9434d8bcb8fe49eae9d61325b3713386,46,1601472467,0x8bac5519d6048c6f8ef9b4f1487c7b85e184d86c6354ab39e089c5d785546175,0x2d87D6333724fbd177D45fB592449247d6B28307,0x2f8788117e7eff1d82e926ec794901d17c78024a50270940304540a733656f0d,0x65d7a28e3265b37a6474929f336521b332c1681b933f6cb9f3376673440d862a,0x000000000000000000000000ad5da9234b49bebcdc12eb23358f68edf0cefe09,0x000000000000000000000000ad5da9234b49bebcdc12eb23358f68edf0cefe09,21498167346302451094516930465084812798900530214793017313261708129848854408973,46064591742365316646970276594743220339571119322154097890182397547851832722986,989744106642267901334396765930346307613663100425,989744106642267901334396765930346307613663100425,0x,2,0,false,2020-09-30
0x0ccbef8207a122fcb9470a3da941e08471844fcc60ab097e076b2960f711b108,45,1601472463,0xe879c5f0f2618318fad0de44d1d815fe0d903fb78efd169403b1b3a5b270e466,0x6F239aA5b4db9a725Af9c74384e3c8D3c817C4B6,0x2f8788117e7eff1d82e926ec794901d17c78024a50270940304540a733656f0d,0x0000000000000000000000000000000000000000000000000000000000000000,0x000000000000000000000000ad5da9234b49bebcdc12eb23358f68edf0cefe09,0x000000000000000000000000ad5da9234b49bebcdc12eb23358f68edf0cefe09,21498167346302451094516930465084812798900530214793017313261708129848854408973,0,989744106642267901334396765930346307613663100425,989744106642267901334396765930346307613663100425,0x,0,0,false,2020-09-30
0x04fda813da6a1e515692eaf4c20be203ef7eb6737b097a88a7726a4863ba874a,41,1601472444,0xea804e30ba0af6a1726d20f94d472cce178bfaa5a5bd1c94bde2c3c0c8a62257,0x4259F50ED1e02eA5793959b1d1E902c6Ef16aFF6,0x2f8788117e7eff1d82e926ec794901d17c78024a50270940304540a733656f0d,0x0000000000000000000000000000000000000000000000000000000000000000,0x000000000000000000000000ad5da9234b49bebcdc12eb23358f68edf0cefe09,0x000000000000000000000000ad5da9234b49bebcdc12eb23358f68edf0cefe09,21498167346302451094516930465084812798900530214793017313261708129848854408973,0,989744106642267901334396765930346307613663100425,989744106642267901334396765930346307613663100425,0x,0,0,false,2020-09-30
0x75b9d7980a1c4a2032fdbe9afa3276fac4d206036a2588866e89c2d498674762,53,1601498962,0xcd45587e16a713b227795646e4c18bf2b088c6c174f6f4d6c667430f5a34a1de,0x6a68C87dA4d25c9F04ee22554CAe10aC9A7c4de6,0x2f8788117e7eff1d82e926ec794901d17c78024a50270940304540a733656f0d,0xe2b7fb3b832174769106daebcfd6d1970523240dda11281102db9363b83b0dc4,0x000000000000000000000000970fc269042ddc420ffb4cccb9dacca25c5d0538,0x000000000000000000000000ad5da9234b49bebcdc12eb23358f68edf0cefe09,21498167346302451094516930465084812798900530214793017313261708129848854408973,102547770735452218668329474129228402032596641604203437911260885007774093348292,862409053091052048398607208260684888138158245176,989744106642267901334396765930346307613663100425,0x,3,0,false,2020-09-30
0x0ccbef8207a122fcb9470a3da941e08471844fcc60ab097e076b2960f711b108,45,1601472463,0xe879c5f0f2618318fad0de44d1d815fe0d903fb78efd169403b1b3a5b270e466,0x6F239aA5b4db9a725Af9c74384e3c8D3c817C4B6,0x2f8788117e7eff1d82e926ec794901d17c78024a50270940304540a733656f0d,0x9f2df0fed2c77648de5860a4cc508cd0818c85b8b8a1ab4ceeef8d981c8956a6,0x000000000000000000000000ad5da9234b49bebcdc12eb23358f68edf0cefe09,0x000000000000000000000000ad5da9234b49bebcdc12eb23358f68edf0cefe09,21498167346302451094516930465084812798900530214793017313261708129848854408973,71998914331801701415977457805802827292338598818749192222732755537001613711014,989744106642267901334396765930346307613663100425,989744106642267901334396765930346307613663100425,0x,1,0,false,2020-09-30
0xdeb6345c6fb03ba03600104c03e5a9ce9434d8bcb8fe49eae9d61325b3713386,46,1601472467,0x8bac5519d6048c6f8ef9b4f1487c7b85e184d86c6354ab39e089c5d785546175,0x2d87D6333724fbd177D45fB592449247d6B28307,0x2f8788117e7eff1d82e926ec794901d17c78024a50270940304540a733656f0d,0x9f2df0fed2c77648de5860a4cc508cd0818c85b8b8a1ab4ceeef8d981c8956a6,0x000000000000000000000000ad5da9234b49bebcdc12eb23358f68edf0cefe09,0x000000000000000000000000ad5da9234b49bebcdc12eb23358f68edf0cefe09,21498167346302451094516930465084812798900530214793017313261708129848854408973,71998914331801701415977457805802827292338598818749192222732755537001613711014,989744106642267901334396765930346307613663100425,989744106642267901334396765930346307613663100425,0x,1,0,false,2020-09-30
0x0ccbef8207a122fcb9470a3da941e08471844fcc60ab097e076b2960f711b108,45,1601472463,0xe879c5f0f2618318fad0de44d1d815fe0d903fb78efd169403b1b3a5b270e466,0x6F239aA5b4db9a725Af9c74384e3c8D3c817C4B6,0x2f8788117e7eff1d82e926ec794901d17c78024a50270940304540a733656f0d,0x65d7a28e3265b37a6474929f336521b332c1681b933f6cb9f3376673440d862a,0x000000000000000000000000ad5da9234b49bebcdc12eb23358f68edf0cefe09,0x000000000000000000000000ad5da9234b49bebcdc12eb23358f68edf0cefe09,21498167346302451094516930465084812798900530214793017313261708129848854408973,46064591742365316646970276594743220339571119322154097890182397547851832722986,989744106642267901334396765930346307613663100425,989744106642267901334396765930346307613663100425,0x,2,0,false,2020-09-30
0xec3935aff50b08503e9ef590280e5451b5b1581804f72ad76393cfdd237bdd40,84,1601514708,0xdff846e70e773a780da4ce5a46558fd1c58fd1ec784626f2e6cd27b4af70e689,0x5Eecf8337038775da1a7b46dcb6b56Be043263f0,0x2f8788117e7eff1d82e926ec794901d17c78024a50270940304540a733656f0d,0xe2b7fb3b832174769106daebcfd6d1970523240dda11281102db9363b83b0dc4,0x000000000000000000000000f37619d5fcd8d3453161ab199427c139f769cf2d,0x000000000000000000000000ad5da9234b49bebcdc12eb23358f68edf0cefe09,21498167346302451094516930465084812798900530214793017313261708129848854408973,102547770735452218668329474129228402032596641604203437911260885007774093348292,1389918495867003342215108806365842852573174419245,989744106642267901334396765930346307613663100425,0x,1,0,false,2020-10-01
0x4ee6cd3579896f22d7ff984a1128a64a2c8eed023d74864cf20df81c073abbf4,88,1601514727,0x61f2294e89a8f2165d4494aa01307fee25ab2d67bcbcc95bbf40bab51ee76449,0xb18155a7429b01304D6CF5221b3138B0B48D3BE0,0x2f8788117e7eff1d82e926ec794901d17c78024a50270940304540a733656f0d,0x0000000000000000000000000000000000000000000000000000000000000000,0x000000000000000000000000ad5da9234b49bebcdc12eb23358f68edf0cefe09,0x000000000000000000000000ad5da9234b49bebcdc12eb23358f68edf0cefe09,21498167346302451094516930465084812798900530214793017313261708129848854408973,0,989744106642267901334396765930346307613663100425,989744106642267901334396765930346307613663100425,0x,0,0,false,2020-10-01
0xa9372fe63e59cb2836c9e00774731e0b892e6eba470e813b5a4a8e9a4b348d20,94,1601552803,0x2af3ffced4a71aaea77ea17d2c5d755811643b7f6bad6e2d761d631f14b1212b,0x640440c1A691dC824C89f92A856848A9013D3784,0x767d0ffbc3d16cc51fc05770a22976e4b0fda9198e37878b76979429b2d5d88c,0x6de5a703ed0a8fd9e05eefb094e7a3f0ca7ad3b7793d94005ba706a9c9dab1fe,0x000000000000000000000000967d458697fb512394740a37d39c3a1ca90b1a30,0x000000000000000000000000d963fc712bb5c692d4745ee5fd9c03ef095489ab,53593882329686596457682609786654452631037943910373824810254744343969275435148,49707861170893398416385648562018156144080388868228124112745363278112023556606,859142265320977054959558455024951620050031942192,1241080761849490611198116520246352917724004649387,0x00000000000000000000000000000000000000000000000466c77b52304a80000000000000000000000000000000000000000000000000000de0b6b3a7640000000000000000000000000000000000000000000000000000000000005f75ddc346fec0791f0a5ab50d0ede63478e131530f24cca982d1ae7eaa1767cf240b08e00000000000000000000000000000000000000000000000000000000000000c0000000000000000000000000000000000000000000000000000000000000010000000000000000000000000000000000000000000000000000000000000000034554480000000000000000000000000000000000000000000000000000000000000000000000000000000000000000000000000000000000000000000000002a30786630373536653138386432663965306339303033613635303139626530313064646266356630323600000000000000000000000000000000000000000000,0,0,false,2020-10-01
0x4ee6cd3579896f22d7ff984a1128a64a2c8eed023d74864cf20df81c073abbf4,88,1601514727,0x61f2294e89a8f2165d4494aa01307fee25ab2d67bcbcc95bbf40bab51ee76449,0xb18155a7429b01304D6CF5221b3138B0B48D3BE0,0x2f8788117e7eff1d82e926ec794901d17c78024a50270940304540a733656f0d,0x65d7a28e3265b37a6474929f336521b332c1681b933f6cb9f3376673440d862a,0x000000000000000000000000ad5da9234b49bebcdc12eb23358f68edf0cefe09,0x000000000000000000000000ad5da9234b49bebcdc12eb23358f68edf0cefe09,21498167346302451094516930465084812798900530214793017313261708129848854408973,46064591742365316646970276594743220339571119322154097890182397547851832722986,989744106642267901334396765930346307613663100425,989744106642267901334396765930346307613663100425,0x,2,0,false,2020-10-01
0x4d2c4bc0b1c53a060fd8b2bb9de5bd280f641c1e75cb0fb1f87be86b8aaeb37e,95,1601552828,0xfe13e28b3e3f26e4f246767089b7e723716587368f50afd9c905a07caffc7645,0x640440c1A691dC824C89f92A856848A9013D3784,0x2d3a5ed13d0553389b4078e01264416362e34d23520fda797fbc17f3905ed131,0x6de5a703ed0a8fd9e05eefb094e7a3f0ca7ad3b7793d94005ba706a9c9dab1fe,0x000000000000000000000000967d458697fb512394740a37d39c3a1ca90b1a30,0x000000000000000000000000d963fc712bb5c692d4745ee5fd9c03ef095489ab,20457209721215825919055929138353935057720616361263495435123529594584338190641,49707861170893398416385648562018156144080388868228124112745363278112023556606,859142265320977054959558455024951620050031942192,1241080761849490611198116520246352917724004649387,0x3a9ac9a25c1de96747ea829293ac8b748fcdcf3553b3c7e5282797cc20f3d02d46fec0791f0a5ab50d0ede63478e131530f24cca982d1ae7eaa1767cf240b08e,0,0,false,2020-10-01
0x84d6e36336783e2f73881c7d1e4c7ea45fe4335b0130a64e9e3701b9f71f9d24,89,1601522113,0xe622ec09b044f483dae2a2134933005af0786fcd5323319e6fde5cd640677b10,0x6795E30A662B1B0EA02b112f3bacB34f2a18F573,0x2f8788117e7eff1d82e926ec794901d17c78024a50270940304540a733656f0d,0xe2b7fb3b832174769106daebcfd6d1970523240dda11281102db9363b83b0dc4,0x000000000000000000000000f37619d5fcd8d3453161ab199427c139f769cf2d,0x000000000000000000000000ad5da9234b49bebcdc12eb23358f68edf0cefe09,21498167346302451094516930465084812798900530214793017313261708129848854408973,102547770735452218668329474129228402032596641604203437911260885007774093348292,1389918495867003342215108806365842852573174419245,989744106642267901334396765930346307613663100425,0x,1,0,false,2020-10-01
0x84d6e36336783e2f73881c7d1e4c7ea45fe4335b0130a64e9e3701b9f71f9d24,89,1601522113,0xe622ec09b044f483dae2a2134933005af0786fcd5323319e6fde5cd640677b10,0x6795E30A662B1B0EA02b112f3bacB34f2a18F573,0x2f8788117e7eff1d82e926ec794901d17c78024a50270940304540a733656f0d,0xe2b7fb3b832174769106daebcfd6d1970523240dda11281102db9363b83b0dc4,0x000000000000000000000000a9f691f674e1d25d34152d7bbdc0e39bbd3bea33,0x000000000000000000000000ad5da9234b49bebcdc12eb23358f68edf0cefe09,21498167346302451094516930465084812798900530214793017313261708129848854408973,102547770735452218668329474129228402032596641604203437911260885007774093348292,970318138734352761669420155391181190078547094067,989744106642267901334396765930346307613663100425,0x,2,0,false,2020-10-01
0xb1af03b29c9ae3e8635f622373af3b0fde5023102a7416c2ae376b1e5cb0e950,83,1601514504,0x5f05b00fdd1b465512ea02577dce79eccdbb14e0a12952a168eb371ee8212959,0x06bfF7a28d350D6D6FeDE8a2802dd20039ea3993,0x2f8788117e7eff1d82e926ec794901d17c78024a50270940304540a733656f0d,0xe2b7fb3b832174769106daebcfd6d1970523240dda11281102db9363b83b0dc4,0x000000000000000000000000d4529b3c7165b7efbb081cfc77db6cdf3bcba22b,0x000000000000000000000000ad5da9234b49bebcdc12eb23358f68edf0cefe09,21498167346302451094516930465084812798900530214793017313261708129848854408973,102547770735452218668329474129228402032596641604203437911260885007774093348292,1212148227492925844510349791018530513135956894251,989744106642267901334396765930346307613663100425,0x,3,0,false,2020-10-01
0x84d6e36336783e2f73881c7d1e4c7ea45fe4335b0130a64e9e3701b9f71f9d24,89,1601522113,0xe622ec09b044f483dae2a2134933005af0786fcd5323319e6fde5cd640677b10,0x6795E30A662B1B0EA02b112f3bacB34f2a18F573,0x2f8788117e7eff1d82e926ec794901d17c78024a50270940304540a733656f0d,0x0000000000000000000000000000000000000000000000000000000000000000,0x000000000000000000000000ad5da9234b49bebcdc12eb23358f68edf0cefe09,0x000000000000000000000000ad5da9234b49bebcdc12eb23358f68edf0cefe09,21498167346302451094516930465084812798900530214793017313261708129848854408973,0,989744106642267901334396765930346307613663100425,989744106642267901334396765930346307613663100425,0x,0,0,false,2020-10-01
0xb1af03b29c9ae3e8635f622373af3b0fde5023102a7416c2ae376b1e5cb0e950,83,1601514504,0x5f05b00fdd1b465512ea02577dce79eccdbb14e0a12952a168eb371ee8212959,0x06bfF7a28d350D6D6FeDE8a2802dd20039ea3993,0x2f8788117e7eff1d82e926ec794901d17c78024a50270940304540a733656f0d,0xe2b7fb3b832174769106daebcfd6d1970523240dda11281102db9363b83b0dc4,0x000000000000000000000000a9f691f674e1d25d34152d7bbdc0e39bbd3bea33,0x000000000000000000000000ad5da9234b49bebcdc12eb23358f68edf0cefe09,21498167346302451094516930465084812798900530214793017313261708129848854408973,102547770735452218668329474129228402032596641604203437911260885007774093348292,970318138734352761669420155391181190078547094067,989744106642267901334396765930346307613663100425,0x,2,0,false,2020-10-01
0xc9d3b6a0e3bae3c9964775550010ad294c012bc15e379415cf09df940f86c388,81,1601514287,0xd8964b4e868e776f5924f9c5b26dafdc9d5bf2a7ceefe457f948f73ce16d8c4d,0x71a3Bf301C6D569D96c74A1057953013b3285fcc,0x2f8788117e7eff1d82e926ec794901d17c78024a50270940304540a733656f0d,0xe2b7fb3b832174769106daebcfd6d1970523240dda11281102db9363b83b0dc4,0x000000000000000000000000f37619d5fcd8d3453161ab199427c139f769cf2d,0x000000000000000000000000ad5da9234b49bebcdc12eb23358f68edf0cefe09,21498167346302451094516930465084812798900530214793017313261708129848854408973,102547770735452218668329474129228402032596641604203437911260885007774093348292,1389918495867003342215108806365842852573174419245,989744106642267901334396765930346307613663100425,0x,1,0,false,2020-10-01
0xb1af03b29c9ae3e8635f622373af3b0fde5023102a7416c2ae376b1e5cb0e950,83,1601514504,0x5f05b00fdd1b465512ea02577dce79eccdbb14e0a12952a168eb371ee8212959,0x06bfF7a28d350D6D6FeDE8a2802dd20039ea3993,0x2f8788117e7eff1d82e926ec794901d17c78024a50270940304540a733656f0d,0x0000000000000000000000000000000000000000000000000000000000000000,0x000000000000000000000000ad5da9234b49bebcdc12eb23358f68edf0cefe09,0x000000000000000000000000ad5da9234b49bebcdc12eb23358f68edf0cefe09,21498167346302451094516930465084812798900530214793017313261708129848854408973,0,989744106642267901334396765930346307613663100425,989744106642267901334396765930346307613663100425,0x,0,0,false,2020-10-01
0x84d6e36336783e2f73881c7d1e4c7ea45fe4335b0130a64e9e3701b9f71f9d24,89,1601522113,0xe622ec09b044f483dae2a2134933005af0786fcd5323319e6fde5cd640677b10,0x6795E30A662B1B0EA02b112f3bacB34f2a18F573,0x2f8788117e7eff1d82e926ec794901d17c78024a50270940304540a733656f0d,0xe2b7fb3b832174769106daebcfd6d1970523240dda11281102db9363b83b0dc4,0x000000000000000000000000d4529b3c7165b7efbb081cfc77db6cdf3bcba22b,0x000000000000000000000000ad5da9234b49bebcdc12eb23358f68edf0cefe09,21498167346302451094516930465084812798900530214793017313261708129848854408973,102547770735452218668329474129228402032596641604203437911260885007774093348292,1212148227492925844510349791018530513135956894251,989744106642267901334396765930346307613663100425,0x,3,0,false,2020-10-01
0xb1af03b29c9ae3e8635f622373af3b0fde5023102a7416c2ae376b1e5cb0e950,83,1601514504,0x5f05b00fdd1b465512ea02577dce79eccdbb14e0a12952a168eb371ee8212959,0x06bfF7a28d350D6D6FeDE8a2802dd20039ea3993,0x2f8788117e7eff1d82e926ec794901d17c78024a50270940304540a733656f0d,0xe2b7fb3b832174769106daebcfd6d1970523240dda11281102db9363b83b0dc4,0x000000000000000000000000f37619d5fcd8d3453161ab199427c139f769cf2d,0x000000000000000000000000ad5da9234b49bebcdc12eb23358f68edf0cefe09,21498167346302451094516930465084812798900530214793017313261708129848854408973,102547770735452218668329474129228402032596641604203437911260885007774093348292,1389918495867003342215108806365842852573174419245,989744106642267901334396765930346307613663100425,0x,1,0,false,2020-10-01
0xc9d3b6a0e3bae3c9964775550010ad294c012bc15e379415cf09df940f86c388,81,1601514287,0xd8964b4e868e776f5924f9c5b26dafdc9d5bf2a7ceefe457f948f73ce16d8c4d,0x71a3Bf301C6D569D96c74A1057953013b3285fcc,0x2f8788117e7eff1d82e926ec794901d17c78024a50270940304540a733656f0d,0xe2b7fb3b832174769106daebcfd6d1970523240dda11281102db9363b83b0dc4,0x000000000000000000000000d4529b3c7165b7efbb081cfc77db6cdf3bcba22b,0x000000000000000000000000ad5da9234b49bebcdc12eb23358f68edf0cefe09,21498167346302451094516930465084812798900530214793017313261708129848854408973,102547770735452218668329474129228402032596641604203437911260885007774093348292,1212148227492925844510349791018530513135956894251,989744106642267901334396765930346307613663100425,0x,3,0,false,2020-10-01
0xec3935aff50b08503e9ef590280e5451b5b1581804f72ad76393cfdd237bdd40,84,1601514708,0xdff846e70e773a780da4ce5a46558fd1c58fd1ec784626f2e6cd27b4af70e689,0x5Eecf8337038775da1a7b46dcb6b56Be043263f0,0x2f8788117e7eff1d82e926ec794901d17c78024a50270940304540a733656f0d,0xe2b7fb3b832174769106daebcfd6d1970523240dda11281102db9363b83b0dc4,0x000000000000000000000000a9f691f674e1d25d34152d7bbdc0e39bbd3bea33,0x000000000000000000000000ad5da9234b49bebcdc12eb23358f68edf0cefe09,21498167346302451094516930465084812798900530214793017313261708129848854408973,102547770735452218668329474129228402032596641604203437911260885007774093348292,970318138734352761669420155391181190078547094067,989744106642267901334396765930346307613663100425,0x,2,0,false,2020-10-01
0xec3935aff50b08503e9ef590280e5451b5b1581804f72ad76393cfdd237bdd40,84,1601514708,0xdff846e70e773a780da4ce5a46558fd1c58fd1ec784626f2e6cd27b4af70e689,0x5Eecf8337038775da1a7b46dcb6b56Be043263f0,0x2f8788117e7eff1d82e926ec794901d17c78024a50270940304540a733656f0d,0x0000000000000000000000000000000000000000000000000000000000000000,0x000000000000000000000000ad5da9234b49bebcdc12eb23358f68edf0cefe09,0x000000000000000000000000ad5da9234b49bebcdc12eb23358f68edf0cefe09,21498167346302451094516930465084812798900530214793017313261708129848854408973,0,989744106642267901334396765930346307613663100425,989744106642267901334396765930346307613663100425,0x,0,0,false,2020-10-01
0xec3935aff50b08503e9ef590280e5451b5b1581804f72ad76393cfdd237bdd40,84,1601514708,0xdff846e70e773a780da4ce5a46558fd1c58fd1ec784626f2e6cd27b4af70e689,0x5Eecf8337038775da1a7b46dcb6b56Be043263f0,0x2f8788117e7eff1d82e926ec794901d17c78024a50270940304540a733656f0d,0xe2b7fb3b832174769106daebcfd6d1970523240dda11281102db9363b83b0dc4,0x000000000000000000000000d4529b3c7165b7efbb081cfc77db6cdf3bcba22b,0x000000000000000000000000ad5da9234b49bebcdc12eb23358f68edf0cefe09,21498167346302451094516930465084812798900530214793017313261708129848854408973,102547770735452218668329474129228402032596641604203437911260885007774093348292,1212148227492925844510349791018530513135956894251,989744106642267901334396765930346307613663100425,0x,3,0,false,2020-10-01
0xc9d3b6a0e3bae3c9964775550010ad294c012bc15e379415cf09df940f86c388,81,1601514287,0xd8964b4e868e776f5924f9c5b26dafdc9d5bf2a7ceefe457f948f73ce16d8c4d,0x71a3Bf301C6D569D96c74A1057953013b3285fcc,0x2f8788117e7eff1d82e926ec794901d17c78024a50270940304540a733656f0d,0x0000000000000000000000000000000000000000000000000000000000000000,0x000000000000000000000000ad5da9234b49bebcdc12eb23358f68edf0cefe09,0x000000000000000000000000ad5da9234b49bebcdc12eb23358f68edf0cefe09,21498167346302451094516930465084812798900530214793017313261708129848854408973,0,989744106642267901334396765930346307613663100425,989744106642267901334396765930346307613663100425,0x,0,0,false,2020-10-01
0xc9d3b6a0e3bae3c9964775550010ad294c012bc15e379415cf09df940f86c388,81,1601514287,0xd8964b4e868e776f5924f9c5b26dafdc9d5bf2a7ceefe457f948f73ce16d8c4d,0x71a3Bf301C6D569D96c74A1057953013b3285fcc,0x2f8788117e7eff1d82e926ec794901d17c78024a50270940304540a733656f0d,0xe2b7fb3b832174769106daebcfd6d1970523240dda11281102db9363b83b0dc4,0x000000000000000000000000a9f691f674e1d25d34152d7bbdc0e39bbd3bea33,0x000000000000000000000000ad5da9234b49bebcdc12eb23358f68edf0cefe09,21498167346302451094516930465084812798900530214793017313261708129848854408973,102547770735452218668329474129228402032596641604203437911260885007774093348292,970318138734352761669420155391181190078547094067,989744106642267901334396765930346307613663100425,0x,2,0,false,2020-10-01
0x4ee6cd3579896f22d7ff984a1128a64a2c8eed023d74864cf20df81c073abbf4,88,1601514727,0x61f2294e89a8f2165d4494aa01307fee25ab2d67bcbcc95bbf40bab51ee76449,0xb18155a7429b01304D6CF5221b3138B0B48D3BE0,0x2f8788117e7eff1d82e926ec794901d17c78024a50270940304540a733656f0d,0x9f2df0fed2c77648de5860a4cc508cd0818c85b8b8a1ab4ceeef8d981c8956a6,0x000000000000000000000000ad5da9234b49bebcdc12eb23358f68edf0cefe09,0x000000000000000000000000ad5da9234b49bebcdc12eb23358f68edf0cefe09,21498167346302451094516930465084812798900530214793017313261708129848854408973,71998914331801701415977457805802827292338598818749192222732755537001613711014,989744106642267901334396765930346307613663100425,989744106642267901334396765930346307613663100425,0x,1,0,false,2020-10-01
